subj,prop,bucket,subject_num_chunks,step,exposures,gold_logprob,max_decoy_logprob,correct,recency_gap
Ivan,screenwriter,low,1,0,0,-12.374712944030762,-11.59520435333252,False,
Ivan,screenwriter,low,1,10000,0,-6.425655841827393,-7.47359561920166,True,
Ivan,screenwriter,low,1,20000,1,-6.346584796905518,-8.049869537353516,True,4280.0
Ivan,screenwriter,low,1,30000,1,-5.922723770141602,-7.063812732696533,True,14280.0
Ivan,screenwriter,low,1,40000,1,-6.99272346496582,-7.720186710357666,True,24280.0
Ivan,screenwriter,low,1,50000,1,-5.5739006996154785,-6.78756046295166,True,34280.0
Ivan,screenwriter,low,1,60000,1,-6.346324920654297,-6.766451835632324,True,44280.0
Ivan,screenwriter,low,1,70000,1,-5.3559346199035645,-6.957127571105957,True,54280.0
Ivan,screenwriter,low,1,80000,1,-5.976700305938721,-7.003561019897461,True,64280.0
Ivan,screenwriter,low,1,90000,1,-5.89665412902832,-6.129916667938232,True,74280.0
Ivan,screenwriter,low,1,100000,1,-6.07559061050415,-6.759831428527832,True,84280.0
Ivan,screenwriter,low,1,109672,1,-5.521531581878662,-6.710914611816406,True,93952.0
The President,director,low,1,0,0,-11.93345832824707,-11.033815383911133,False,
The President,director,low,1,10000,0,-6.687082767486572,-6.344974517822266,False,
The President,director,low,1,20000,0,-4.919559478759766,-5.314207553863525,True,
The President,director,low,1,30000,0,-5.756148338317871,-5.099935054779053,False,
The President,director,low,1,40000,0,-3.7376132011413574,-5.556445598602295,True,
The President,director,low,1,50000,0,-4.108855724334717,-5.763984203338623,True,
The President,director,low,1,60000,0,-4.287810802459717,-5.172210693359375,True,
The President,director,low,1,70000,1,-3.4953343868255615,-4.892889499664307,True,5481.0
The President,director,low,1,80000,1,-3.2411324977874756,-4.477075576782227,True,15481.0
The President,director,low,1,90000,1,-3.0095086097717285,-4.57429313659668,True,25481.0
The President,director,low,1,100000,1,-2.7402071952819824,-4.625284194946289,True,35481.0
The President,director,low,1,109672,1,-3.0636134147644043,-4.6677446365356445,True,45153.0
Eight Days,genre,low,3,0,0,-11.426791191101074,-11.551630973815918,True,
Eight Days,genre,low,3,10000,1,-9.308040618896484,-6.146083354949951,False,2559.0
Eight Days,genre,low,3,20000,1,-8.267611503601074,-5.25011682510376,False,12559.0
Eight Days,genre,low,3,30000,2,-6.772668361663818,-4.260364055633545,False,7124.0
Eight Days,genre,low,3,40000,2,-5.952985763549805,-3.529965400695801,False,17124.0
Eight Days,genre,low,3,50000,2,-7.843095779418945,-5.084070205688477,False,27124.0
Eight Days,genre,low,3,60000,2,-8.204887390136719,-5.257301330566406,False,37124.0
Eight Days,genre,low,3,70000,2,-7.969332695007324,-4.712663650512695,False,47124.0
Eight Days,genre,low,3,80000,3,-7.410906791687012,-4.502710342407227,False,1725.0
Eight Days,genre,low,3,90000,3,-7.015355110168457,-4.221260070800781,False,11725.0
Eight Days,genre,low,3,100000,3,-8.095662117004395,-4.768735408782959,False,21725.0
Eight Days,genre,low,3,109672,3,-7.481539249420166,-3.96481990814209,False,31397.0
Right Now,producer,low,7,0,0,-11.926162719726562,-11.316874504089355,False,
Right Now,producer,low,7,10000,1,-3.913410186767578,-3.982614040374756,True,3031.0
Right Now,producer,low,7,20000,1,-3.6922600269317623,-3.0923240184783936,False,13031.0
Right Now,producer,low,7,30000,2,-4.385904312133789,-2.624196767807007,False,2853.0
Right Now,producer,low,7,40000,3,-3.347755670547486,-2.7982871532440186,False,4132.0
Right Now,producer,low,7,50000,3,-3.481743097305298,-3.414250135421753,False,14132.0
Right Now,producer,low,7,60000,3,-3.332613706588745,-2.5507662296295166,False,24132.0
Right Now,producer,low,7,70000,3,-3.645949125289917,-3.1069815158843994,False,34132.0
Right Now,producer,low,7,80000,3,-3.4832704067230225,-2.2979578971862793,False,44132.0
Right Now,producer,low,7,90000,4,-3.633300542831421,-2.181540012359619,False,7237.0
Right Now,producer,low,7,100000,7,-3.8009068965911865,-2.243147134780884,False,5135.0
Right Now,producer,low,7,109672,7,-3.873202323913574,-2.3528106212615967,False,14807.0
Outing Riley,director,low,4,0,0,-11.310762405395508,-11.268397331237791,False,
Outing Riley,director,low,4,10000,0,-7.068113327026367,-3.694014310836792,False,
Outing Riley,director,low,4,20000,1,-8.05669116973877,-4.294315338134766,False,7025.0
Outing Riley,director,low,4,30000,1,-6.821861267089844,-3.72074818611145,False,17025.0
Outing Riley,director,low,4,40000,1,-7.460201263427734,-4.1423516273498535,False,27025.0
Outing Riley,director,low,4,50000,1,-7.085842609405518,-3.324037790298462,False,37025.0
Outing Riley,director,low,4,60000,2,-6.473303318023682,-3.4780914783477783,False,4047.0
Outing Riley,director,low,4,70000,2,-8.046021461486816,-4.2965898513793945,False,14047.0
Outing Riley,director,low,4,80000,2,-7.875612258911133,-4.104747772216797,False,24047.0
Outing Riley,director,low,4,90000,4,-7.68871021270752,-4.01912260055542,False,7355.0
Outing Riley,director,low,4,100000,4,-8.418998718261719,-4.14349365234375,False,17355.0
Outing Riley,director,low,4,109672,4,-7.771492004394531,-3.8686039447784424,False,27027.0
The Light,composer,low,1,0,0,-12.174139022827148,-11.755130767822266,False,
The Light,composer,low,1,10000,0,-5.420541763305664,-4.888528347015381,False,
The Light,composer,low,1,20000,0,-4.068352222442627,-3.3944344520568848,False,
The Light,composer,low,1,30000,0,-3.091507911682129,-3.992694139480591,True,
The Light,composer,low,1,40000,0,-4.529278755187988,-5.113067150115967,True,
The Light,composer,low,1,50000,0,-5.05795955657959,-4.511460304260254,False,
The Light,composer,low,1,60000,0,-4.189568996429443,-4.161446571350098,False,
The Light,composer,low,1,70000,0,-5.364535808563232,-4.026459693908691,False,
The Light,composer,low,1,80000,0,-4.348356246948242,-3.774763584136963,False,
The Light,composer,low,1,90000,0,-4.272960662841797,-4.185751914978027,False,
The Light,composer,low,1,100000,1,-4.800726890563965,-3.9872806072235103,False,8074.0
The Light,composer,low,1,109672,1,-4.996720790863037,-4.275610446929932,False,17746.0
Tom Jones,screenwriter,low,1,0,0,-11.640606880187988,-11.218978881835938,False,
Tom Jones,screenwriter,low,1,10000,0,-4.8873772621154785,-5.879761219024658,True,
Tom Jones,screenwriter,low,1,20000,0,-5.502630233764648,-5.944177150726318,True,
Tom Jones,screenwriter,low,1,30000,0,-4.26007080078125,-5.372161865234375,True,
Tom Jones,screenwriter,low,1,40000,0,-5.457218647003174,-6.740863800048828,True,
Tom Jones,screenwriter,low,1,50000,0,-5.268993377685547,-5.074920654296875,False,
Tom Jones,screenwriter,low,1,60000,0,-5.25213098526001,-5.576409816741943,True,
Tom Jones,screenwriter,low,1,70000,0,-4.5748209953308105,-5.040003299713135,True,
Tom Jones,screenwriter,low,1,80000,1,-4.616355895996094,-4.297398567199707,False,9599.0
Tom Jones,screenwriter,low,1,90000,1,-4.9776787757873535,-4.207451820373535,False,19599.0
Tom Jones,screenwriter,low,1,100000,1,-4.742306232452393,-4.134705543518066,False,29599.0
Tom Jones,screenwriter,low,1,109672,1,-4.391720294952393,-4.60123348236084,True,39271.0
Alone,composer,low,1,0,0,-11.73227882385254,-11.64239501953125,False,
Alone,composer,low,1,10000,0,-9.921102523803713,-3.1181678771972656,False,
Alone,composer,low,1,20000,0,-9.616168022155762,-2.9797558784484863,False,
Alone,composer,low,1,30000,0,-9.425530433654783,-3.5410356521606445,False,
Alone,composer,low,1,40000,0,-9.328829765319824,-3.5336077213287354,False,
Alone,composer,low,1,50000,1,-9.926413536071776,-2.7444143295288086,False,1688.0
Alone,composer,low,1,60000,1,-9.196903228759766,-3.5958073139190674,False,11688.0
Alone,composer,low,1,70000,1,-10.064830780029297,-2.689032793045044,False,21688.0
Alone,composer,low,1,80000,1,-9.780998229980469,-2.897667646408081,False,31688.0
Alone,composer,low,1,90000,1,-9.235258102416992,-2.4117631912231445,False,41688.0
Alone,composer,low,1,100000,1,-10.119317054748535,-2.8511812686920166,False,51688.0
Alone,composer,low,1,109672,1,-10.56971836090088,-3.3931455612182617,False,61360.0
Troll Bends Fir,genre,low,2,0,0,-11.82505226135254,-11.765911102294922,False,
Troll Bends Fir,genre,low,2,10000,0,-7.624320030212402,-4.795320987701416,False,
Troll Bends Fir,genre,low,2,20000,0,-7.10841178894043,-4.024440288543701,False,
Troll Bends Fir,genre,low,2,30000,2,-5.1656813621521,-4.939554691314697,False,1120.0
Troll Bends Fir,genre,low,2,40000,2,-6.254830360412598,-4.3717217445373535,False,11120.0
Troll Bends Fir,genre,low,2,50000,2,-5.793148517608643,-4.938319683074951,False,21120.0
Troll Bends Fir,genre,low,2,60000,2,-6.849078178405762,-4.4022393226623535,False,31120.0
Troll Bends Fir,genre,low,2,70000,2,-5.4781317710876465,-4.712874889373779,False,41120.0
Troll Bends Fir,genre,low,2,80000,2,-5.803241729736328,-4.6359100341796875,False,51120.0
Troll Bends Fir,genre,low,2,90000,2,-5.586348056793213,-4.457980632781982,False,61120.0
Troll Bends Fir,genre,low,2,100000,2,-5.881876468658447,-4.646347999572754,False,71120.0
Troll Bends Fir,genre,low,2,109672,2,-6.4347686767578125,-5.443261623382568,False,80792.0
Workforce,director,low,3,0,0,-11.270596504211426,-11.672252655029297,True,
Workforce,director,low,3,10000,1,-9.157732963562012,-3.9466943740844727,False,6088.0
Workforce,director,low,3,20000,2,-8.036772727966309,-4.613300323486328,False,521.0
Workforce,director,low,3,30000,2,-8.809647560119629,-4.0227580070495605,False,10521.0
Workforce,director,low,3,40000,2,-8.046117782592773,-4.2092366218566895,False,20521.0
Workforce,director,low,3,50000,2,-7.317789554595947,-4.341012954711914,False,30521.0
Workforce,director,low,3,60000,2,-7.313734531402588,-4.539803981781006,False,40521.0
Workforce,director,low,3,70000,2,-7.011241436004639,-4.579593181610107,False,50521.0
Workforce,director,low,3,80000,2,-6.951152801513672,-4.422774791717529,False,60521.0
Workforce,director,low,3,90000,2,-5.410402297973633,-4.184511661529541,False,70521.0
Workforce,director,low,3,100000,2,-6.873741626739502,-4.0782647132873535,False,80521.0
Workforce,director,low,3,109672,3,-5.593629837036133,-4.319876194000244,False,2951.0
Love Letter,director,low,2,0,0,-11.634464263916016,-11.535619735717772,False,
Love Letter,director,low,2,10000,0,-5.187832832336426,-4.468533039093018,False,
Love Letter,director,low,2,20000,0,-6.102595329284668,-4.340298175811768,False,
Love Letter,director,low,2,30000,0,-5.660490036010742,-3.788930177688598,False,
Love Letter,director,low,2,40000,1,-6.678678512573242,-4.0478315353393555,False,919.0
Love Letter,director,low,2,50000,2,-5.055698394775391,-3.3261539936065674,False,89.0
Love Letter,director,low,2,60000,2,-5.969460964202881,-3.4371914863586426,False,10089.0
Love Letter,director,low,2,70000,2,-5.750550270080566,-3.270627498626709,False,20089.0
Love Letter,director,low,2,80000,2,-5.591407775878906,-3.3677964210510254,False,30089.0
Love Letter,director,low,2,90000,2,-5.263656139373779,-3.2539315223693848,False,40089.0
Love Letter,director,low,2,100000,2,-4.642801284790039,-3.120678424835205,False,50089.0
Love Letter,director,low,2,109672,2,-5.179317474365234,-3.5024044513702393,False,59761.0
Interview,producer,low,6,0,0,-11.684415817260742,-10.830841064453123,False,
Interview,producer,low,6,10000,1,-5.2498040199279785,-5.293365955352783,True,1654.0
Interview,producer,low,6,20000,3,-4.377969741821289,-4.811875820159912,True,839.0
Interview,producer,low,6,30000,3,-3.740185022354126,-5.224170684814453,True,10839.0
Interview,producer,low,6,40000,3,-3.49387788772583,-4.7860894203186035,True,20839.0
Interview,producer,low,6,50000,4,-3.799971342086792,-4.983260631561279,True,1560.0
Interview,producer,low,6,60000,4,-3.6741738319396977,-4.874076843261719,True,11560.0
Interview,producer,low,6,70000,4,-4.042949199676514,-4.472428798675537,True,21560.0
Interview,producer,low,6,80000,5,-3.8256773948669434,-3.9397571086883545,True,6684.0
Interview,producer,low,6,90000,6,-3.63678240776062,-4.123143196105957,True,2229.0
Interview,producer,low,6,100000,6,-3.375397205352783,-4.273980617523193,True,12229.0
Interview,producer,low,6,109672,6,-3.3325653076171875,-4.209722995758057,True,21901.0
Beyond Civilization,genre,low,4,0,0,-11.566709518432615,-11.569491386413574,True,
Beyond Civilization,genre,low,4,10000,0,-5.53129243850708,-3.986896514892578,False,
Beyond Civilization,genre,low,4,20000,1,-5.272101402282715,-3.393209457397461,False,344.0
Beyond Civilization,genre,low,4,30000,1,-5.07151985168457,-3.092205762863159,False,10344.0
Beyond Civilization,genre,low,4,40000,1,-4.489831924438477,-2.3131678104400635,False,20344.0
Beyond Civilization,genre,low,4,50000,1,-4.81278657913208,-4.261276721954346,False,30344.0
Beyond Civilization,genre,low,4,60000,1,-4.704489231109619,-3.898411750793457,False,40344.0
Beyond Civilization,genre,low,4,70000,1,-5.0202741622924805,-3.5586869716644287,False,50344.0
Beyond Civilization,genre,low,4,80000,2,-5.249960899353027,-2.635239362716675,False,1927.0
Beyond Civilization,genre,low,4,90000,3,-4.524905681610107,-2.772007942199707,False,8704.0
Beyond Civilization,genre,low,4,100000,3,-4.88497257232666,-2.962228536605835,False,18704.0
Beyond Civilization,genre,low,4,109672,4,-4.6317138671875,-1.918108582496643,False,1840.0
Extraterrestrial,screenwriter,low,4,0,0,-11.761895179748535,-11.6463041305542,False,
Extraterrestrial,screenwriter,low,4,10000,0,-6.767195224761963,-4.437681674957275,False,
Extraterrestrial,screenwriter,low,4,20000,0,-6.422615051269531,-2.708512544631958,False,
Extraterrestrial,screenwriter,low,4,30000,0,-7.237603187561035,-2.8912222385406494,False,
Extraterrestrial,screenwriter,low,4,40000,0,-7.01251745223999,-3.037525177001953,False,
Extraterrestrial,screenwriter,low,4,50000,0,-5.642361164093018,-2.706681966781616,False,
Extraterrestrial,screenwriter,low,4,60000,0,-6.149423599243164,-2.2827131748199463,False,
Extraterrestrial,screenwriter,low,4,70000,0,-5.972434043884277,-2.444598436355591,False,
Extraterrestrial,screenwriter,low,4,80000,1,-5.787759304046631,-2.241302251815796,False,6446.0
Extraterrestrial,screenwriter,low,4,90000,1,-6.077095031738281,-2.2222702503204346,False,16446.0
Extraterrestrial,screenwriter,low,4,100000,4,-5.341193199157715,-2.3435986042022705,False,2027.0
Extraterrestrial,screenwriter,low,4,109672,4,-5.176474571228027,-2.3650527000427246,False,11699.0
Up Front,genre,low,5,0,0,-11.4149169921875,-11.815130233764648,True,
Up Front,genre,low,5,10000,0,-5.484560489654541,-8.581634521484375,True,
Up Front,genre,low,5,20000,1,-4.67948055267334,-7.407520294189453,True,3263.0
Up Front,genre,low,5,30000,1,-3.567491054534912,-7.632926464080811,True,13263.0
Up Front,genre,low,5,40000,1,-3.0770368576049805,-7.021120071411133,True,23263.0
Up Front,genre,low,5,50000,1,-4.025912284851074,-6.923259258270264,True,33263.0
Up Front,genre,low,5,60000,3,-3.8419904708862305,-6.828213691711426,True,1239.0
Up Front,genre,low,5,70000,3,-3.784023761749267,-7.545504570007324,True,11239.0
Up Front,genre,low,5,80000,4,-2.54761266708374,-7.1000871658325195,True,8170.0
Up Front,genre,low,5,90000,5,-2.827760696411133,-7.304872512817383,True,3100.0
Up Front,genre,low,5,100000,5,-3.447880506515503,-7.335331439971924,True,13100.0
Up Front,genre,low,5,109672,5,-3.61527943611145,-6.872774124145508,True,22772.0
Great Day,director,low,6,0,0,-11.63701629638672,-11.386396408081056,False,
Great Day,director,low,6,10000,1,-8.85072135925293,-4.665251731872559,False,7402.0
Great Day,director,low,6,20000,1,-7.715643405914307,-4.997585296630859,False,17402.0
Great Day,director,low,6,30000,1,-8.534637451171875,-4.6031084060668945,False,27402.0
Great Day,director,low,6,40000,1,-7.588872909545898,-5.205963134765625,False,37402.0
Great Day,director,low,6,50000,1,-7.821474075317383,-4.7716383934021,False,47402.0
Great Day,director,low,6,60000,1,-8.777271270751953,-4.462106704711914,False,57402.0
Great Day,director,low,6,70000,2,-8.806526184082031,-4.4490227699279785,False,9821.0
Great Day,director,low,6,80000,4,-8.118318557739258,-4.024060249328613,False,3254.0
Great Day,director,low,6,90000,5,-6.568731307983398,-4.505007743835449,False,5672.0
Great Day,director,low,6,100000,5,-6.329366683959961,-4.41838264465332,False,15672.0
Great Day,director,low,6,109672,6,-7.118568420410156,-3.5738632678985596,False,2499.0
The Eagle,screenwriter,low,2,0,0,-11.5821533203125,-11.58104419708252,False,
The Eagle,screenwriter,low,2,10000,1,-5.7505998611450195,-5.729060649871826,False,4959.0
The Eagle,screenwriter,low,2,20000,1,-5.2604265213012695,-6.112958908081055,True,14959.0
The Eagle,screenwriter,low,2,30000,1,-4.635440349578857,-5.758184432983398,True,24959.0
The Eagle,screenwriter,low,2,40000,1,-5.6701202392578125,-5.904428482055664,True,34959.0
The Eagle,screenwriter,low,2,50000,1,-4.646897315979004,-4.45099401473999,False,44959.0
The Eagle,screenwriter,low,2,60000,2,-4.591338157653809,-5.464938640594482,True,5001.0
The Eagle,screenwriter,low,2,70000,2,-4.744875907897949,-4.995145797729492,True,15001.0
The Eagle,screenwriter,low,2,80000,2,-4.64280366897583,-4.477174758911133,False,25001.0
The Eagle,screenwriter,low,2,90000,2,-4.216386318206787,-4.985279560089111,True,35001.0
The Eagle,screenwriter,low,2,100000,2,-4.790982246398926,-4.869431495666504,True,45001.0
The Eagle,screenwriter,low,2,109672,2,-4.504475116729736,-4.9359025955200195,True,54673.0
Desire,director,low,4,0,0,-11.59504222869873,-11.413594245910645,False,
Desire,director,low,4,10000,0,-5.20848274230957,-3.632935523986816,False,
Desire,director,low,4,20000,1,-5.482672214508057,-4.250845909118652,False,5385.0
Desire,director,low,4,30000,1,-5.722705841064453,-2.5891993045806885,False,15385.0
Desire,director,low,4,40000,1,-6.205197811126709,-3.250311374664306,False,25385.0
Desire,director,low,4,50000,3,-5.591634273529053,-2.9836230278015137,False,2291.0
Desire,director,low,4,60000,4,-5.500646591186523,-3.3140368461608887,False,4950.0
Desire,director,low,4,70000,4,-5.775523662567139,-3.1146819591522217,False,14950.0
Desire,director,low,4,80000,4,-5.000984191894531,-2.712191104888916,False,24950.0
Desire,director,low,4,90000,4,-5.287435531616211,-3.1081581115722656,False,34950.0
Desire,director,low,4,100000,4,-5.233148097991943,-3.1295297145843506,False,44950.0
Desire,director,low,4,109672,4,-4.473435878753662,-3.2456741333007812,False,54622.0
Demonia,director,low,5,0,0,-11.798060417175291,-11.554901123046877,False,
Demonia,director,low,5,10000,0,-4.352270603179932,-4.575371265411377,True,
Demonia,director,low,5,20000,0,-5.039716720581055,-5.632227420806885,True,
Demonia,director,low,5,30000,1,-3.447042465209961,-4.0158562660217285,True,9818.0
Demonia,director,low,5,40000,1,-3.765515089035034,-5.343677520751953,True,19818.0
Demonia,director,low,5,50000,1,-3.1016199588775635,-3.834574699401855,True,29818.0
Demonia,director,low,5,60000,1,-3.290123462677002,-5.1638288497924805,True,39818.0
Demonia,director,low,5,70000,2,-4.001995086669922,-4.981231689453125,True,4403.0
Demonia,director,low,5,80000,2,-3.6071102619171143,-4.6556243896484375,True,14403.0
Demonia,director,low,5,90000,4,-3.3807640075683594,-5.088493824005127,True,6086.0
Demonia,director,low,5,100000,4,-4.223766803741455,-4.775143146514893,True,16086.0
Demonia,director,low,5,109672,5,-3.8889496326446538,-4.829710483551025,True,6381.0
Current,composer,low,5,0,0,-11.540669441223145,-11.712569236755373,True,
Current,composer,low,5,10000,0,-5.40371036529541,-3.6512575149536137,False,
Current,composer,low,5,20000,0,-4.767543792724609,-2.2401435375213623,False,
Current,composer,low,5,30000,0,-3.9539732933044434,-3.491456985473633,False,
Current,composer,low,5,40000,1,-5.457648277282715,-2.1908211708068848,False,4435.0
Current,composer,low,5,50000,1,-4.333019256591797,-3.274961471557617,False,14435.0
Current,composer,low,5,60000,2,-4.297397136688232,-2.06819486618042,False,1822.0
Current,composer,low,5,70000,2,-4.390788555145264,-2.2907698154449463,False,11822.0
Current,composer,low,5,80000,2,-3.83575701713562,-2.4657130241394043,False,21822.0
Current,composer,low,5,90000,2,-3.7753243446350098,-2.8606619834899902,False,31822.0
Current,composer,low,5,100000,3,-4.008244514465332,-2.222454071044922,False,3757.0
Current,composer,low,5,109672,5,-4.088114261627197,-1.811665654182434,False,6267.0
George,father,low,4,0,0,-11.396636962890623,-11.044506072998049,False,
George,father,low,4,10000,2,-5.995819091796875,-4.399704456329346,False,5437.0
George,father,low,4,20000,2,-5.8024468421936035,-4.656379699707031,False,15437.0
George,father,low,4,30000,3,-5.019476413726807,-4.359936237335205,False,9550.0
George,father,low,4,40000,3,-5.086160659790039,-4.334385871887207,False,19550.0
George,father,low,4,50000,3,-5.404714584350586,-4.425014972686768,False,29550.0
George,father,low,4,60000,3,-5.039658546447754,-3.958008766174317,False,39550.0
George,father,low,4,70000,3,-5.325195789337158,-4.748563289642334,False,49550.0
George,father,low,4,80000,4,-4.379725933074951,-4.287998676300049,False,250.0
George,father,low,4,90000,4,-4.682029724121094,-4.069604873657227,False,10250.0
George,father,low,4,100000,4,-4.97967004776001,-4.011655807495117,False,20250.0
George,father,low,4,109672,4,-4.571505546569824,-3.5034639835357666,False,29922.0
Early Spring,director,low,4,0,0,-11.415356636047363,-10.546465873718262,False,
Early Spring,director,low,4,10000,1,-6.114949703216553,-4.743978977203369,False,1411.0
Early Spring,director,low,4,20000,1,-4.927506923675537,-5.436331272125244,True,11411.0
Early Spring,director,low,4,30000,1,-5.174276828765869,-5.0246901512146,False,21411.0
Early Spring,director,low,4,40000,2,-5.2038044929504395,-4.700230598449707,False,2488.0
Early Spring,director,low,4,50000,2,-5.365970611572266,-4.572699069976807,False,12488.0
Early Spring,director,low,4,60000,2,-4.424248218536377,-5.065858840942383,True,22488.0
Early Spring,director,low,4,70000,3,-4.476769924163818,-5.686623573303223,True,851.0
Early Spring,director,low,4,80000,4,-4.484275817871094,-5.122372627258301,True,4394.0
Early Spring,director,low,4,90000,4,-4.553807258605957,-5.14626407623291,True,14394.0
Early Spring,director,low,4,100000,4,-4.5518622398376465,-5.01468563079834,True,24394.0
Early Spring,director,low,4,109672,4,-4.343100070953369,-5.20560884475708,True,34066.0
Cycle,director,low,6,0,0,-11.511219024658203,-11.856085777282717,True,
Cycle,director,low,6,10000,1,-8.251129150390625,-5.623391628265381,False,8003.0
Cycle,director,low,6,20000,2,-9.078251838684082,-6.599691867828369,False,1921.0
Cycle,director,low,6,30000,3,-8.227012634277344,-7.441598892211914,False,3071.0
Cycle,director,low,6,40000,4,-8.16298770904541,-7.468748569488525,False,8943.0
Cycle,director,low,6,50000,4,-6.52014684677124,-6.514873504638672,False,18943.0
Cycle,director,low,6,60000,4,-7.961514949798584,-6.825559139251709,False,28943.0
Cycle,director,low,6,70000,4,-7.885852336883545,-6.066613674163818,False,38943.0
Cycle,director,low,6,80000,4,-7.880964756011963,-5.893068313598633,False,48943.0
Cycle,director,low,6,90000,4,-7.818523406982422,-6.202796459197998,False,58943.0
Cycle,director,low,6,100000,6,-7.882753849029541,-6.402777194976807,False,1136.0
Cycle,director,low,6,109672,6,-8.208827018737793,-5.877790927886963,False,10808.0
Donor,father,low,4,0,0,-12.020155906677246,-11.678167343139648,False,
Donor,father,low,4,10000,2,-7.016469955444336,-5.195107460021973,False,398.0
Donor,father,low,4,20000,2,-10.073067665100098,-4.4562578201293945,False,10398.0
Donor,father,low,4,30000,2,-8.816993713378906,-4.115805625915527,False,20398.0
Donor,father,low,4,40000,2,-8.492793083190918,-4.06391716003418,False,30398.0
Donor,father,low,4,50000,3,-6.730152606964111,-5.103233814239502,False,5977.0
Donor,father,low,4,60000,3,-7.276420593261719,-4.47945499420166,False,15977.0
Donor,father,low,4,70000,3,-6.6951727867126465,-4.587123394012451,False,25977.0
Donor,father,low,4,80000,3,-6.312078952789307,-3.286900281906128,False,35977.0
Donor,father,low,4,90000,3,-6.241176128387451,-4.432221412658691,False,45977.0
Donor,father,low,4,100000,4,-6.621883392333984,-3.730615139007568,False,2626.0
Donor,father,low,4,109672,4,-6.545281887054443,-4.032193183898926,False,12298.0
Loud as a Whisper,director,low,6,0,0,-11.71254539489746,-11.842000961303713,True,
Loud as a Whisper,director,low,6,10000,2,-7.343327522277832,-7.453817367553711,True,5164.0
Loud as a Whisper,director,low,6,20000,2,-7.456735610961914,-7.322056770324707,False,15164.0
Loud as a Whisper,director,low,6,30000,2,-6.272708415985107,-6.774619102478027,True,25164.0
Loud as a Whisper,director,low,6,40000,3,-7.096199989318848,-6.248483657836914,False,8688.0
Loud as a Whisper,director,low,6,50000,4,-7.70035982131958,-7.072452068328857,False,2233.0
Loud as a Whisper,director,low,6,60000,4,-6.733485221862793,-6.229728698730469,False,12233.0
Loud as a Whisper,director,low,6,70000,4,-7.453789234161377,-6.096989154815674,False,22233.0
Loud as a Whisper,director,low,6,80000,5,-6.549477577209473,-5.991714000701904,False,6787.0
Loud as a Whisper,director,low,6,90000,5,-7.000033378601074,-5.8765668869018555,False,16787.0
Loud as a Whisper,director,low,6,100000,5,-7.043424129486084,-5.472338676452637,False,26787.0
Loud as a Whisper,director,low,6,109672,6,-6.820343971252441,-6.443127632141113,False,9169.0
The System,director,low,2,0,0,-11.500743865966797,-11.436351776123049,False,
The System,director,low,2,10000,0,-6.523708343505859,-6.650995254516602,True,
The System,director,low,2,20000,1,-6.441699504852295,-8.028778076171875,True,4854.0
The System,director,low,2,30000,1,-5.632811069488525,-7.924293518066406,True,14854.0
The System,director,low,2,40000,1,-6.79676628112793,-8.772231101989746,True,24854.0
The System,director,low,2,50000,1,-6.5023274421691895,-7.943058490753174,True,34854.0
The System,director,low,2,60000,1,-6.133531093597412,-7.599429130554199,True,44854.0
The System,director,low,2,70000,1,-6.285228252410889,-7.632637023925781,True,54854.0
The System,director,low,2,80000,1,-5.545176029205322,-8.476887702941895,True,64854.0
The System,director,low,2,90000,2,-6.471100330352783,-8.285411834716797,True,5217.0
The System,director,low,2,100000,2,-5.50942850112915,-7.869717597961426,True,15217.0
The System,director,low,2,109672,2,-5.92993688583374,-7.885822772979736,True,24889.0
Bread and Circuses,director,low,1,0,0,-12.12078857421875,-11.935846328735352,False,
Bread and Circuses,director,low,1,10000,0,-7.306842803955078,-8.811464309692383,True,
Bread and Circuses,director,low,1,20000,0,-6.7917680740356445,-7.934343814849853,True,
Bread and Circuses,director,low,1,30000,0,-7.898321151733398,-7.940458297729492,True,
Bread and Circuses,director,low,1,40000,0,-6.520737171173096,-7.8273491859436035,True,
Bread and Circuses,director,low,1,50000,0,-6.5856122970581055,-7.302548885345459,True,
Bread and Circuses,director,low,1,60000,0,-6.407759666442871,-7.396738529205322,True,
Bread and Circuses,director,low,1,70000,1,-5.911118507385254,-7.107687473297119,True,7425.0
Bread and Circuses,director,low,1,80000,1,-5.647590160369873,-7.195095062255859,True,17425.0
Bread and Circuses,director,low,1,90000,1,-6.265807628631592,-5.6294474601745605,False,27425.0
Bread and Circuses,director,low,1,100000,1,-6.612194538116455,-6.756013870239258,True,37425.0
Bread and Circuses,director,low,1,109672,1,-6.185200214385986,-5.5487961769104,False,47097.0
If I Ever,genre,low,1,0,0,-11.967628479003906,-11.596454620361328,False,
If I Ever,genre,low,1,10000,0,-6.805426120758057,-6.303924560546875,False,
If I Ever,genre,low,1,20000,1,-8.118291854858398,-5.699594974517822,False,1206.0
If I Ever,genre,low,1,30000,1,-7.401303291320801,-4.74170446395874,False,11206.0
If I Ever,genre,low,1,40000,1,-5.823947429656982,-5.889750957489014,True,21206.0
If I Ever,genre,low,1,50000,1,-7.075508117675781,-5.011769771575928,False,31206.0
If I Ever,genre,low,1,60000,1,-6.169458866119385,-4.559401512145996,False,41206.0
If I Ever,genre,low,1,70000,1,-5.663800239562988,-4.410686016082764,False,51206.0
If I Ever,genre,low,1,80000,1,-4.700985908508301,-4.189229965209961,False,61206.0
If I Ever,genre,low,1,90000,1,-5.184384346008301,-3.9978926181793217,False,71206.0
If I Ever,genre,low,1,100000,1,-5.169630527496338,-4.044604301452637,False,81206.0
If I Ever,genre,low,1,109672,1,-5.508769512176514,-4.4502339363098145,False,90878.0
Mobile Home,genre,low,3,0,0,-12.191757202148438,-10.801542282104492,False,
Mobile Home,genre,low,3,10000,0,-5.615699768066406,-3.929136276245117,False,
Mobile Home,genre,low,3,20000,1,-5.717826843261719,-4.576817512512207,False,1423.0
Mobile Home,genre,low,3,30000,1,-4.719671726226807,-3.8793561458587646,False,11423.0
Mobile Home,genre,low,3,40000,1,-3.781111717224121,-4.438136577606201,True,21423.0
Mobile Home,genre,low,3,50000,1,-4.807645320892334,-4.552032947540283,False,31423.0
Mobile Home,genre,low,3,60000,1,-4.360843181610107,-4.738454341888428,True,41423.0
Mobile Home,genre,low,3,70000,1,-4.430912494659424,-5.545313358306885,True,51423.0
Mobile Home,genre,low,3,80000,1,-4.134405136108398,-4.279134750366211,True,61423.0
Mobile Home,genre,low,3,90000,2,-4.3746466636657715,-5.054123878479004,True,3347.0
Mobile Home,genre,low,3,100000,3,-4.547342777252197,-5.07927131652832,True,3591.0
Mobile Home,genre,low,3,109672,3,-4.772400379180908,-5.525079250335693,True,13263.0
Le Mentor,director,low,1,0,0,-11.706960678100586,-11.727289199829102,True,
Le Mentor,director,low,1,10000,1,-4.338518142700195,-4.5996880531311035,True,9214.0
Le Mentor,director,low,1,20000,1,-3.391380786895752,-4.802196979522705,True,19214.0
Le Mentor,director,low,1,30000,1,-4.683582305908203,-5.092012405395508,True,29214.0
Le Mentor,director,low,1,40000,1,-5.027586936950684,-4.753067493438721,False,39214.0
Le Mentor,director,low,1,50000,1,-4.100384712219238,-4.1972503662109375,True,49214.0
Le Mentor,director,low,1,60000,1,-3.94024395942688,-4.413516998291016,True,59214.0
Le Mentor,director,low,1,70000,1,-3.2505478858947754,-4.315858364105225,True,69214.0
Le Mentor,director,low,1,80000,1,-3.277940034866333,-4.392456531524658,True,79214.0
Le Mentor,director,low,1,90000,1,-2.3339133262634277,-4.345442771911621,True,89214.0
Le Mentor,director,low,1,100000,1,-2.289138078689575,-4.616802215576172,True,99214.0
Le Mentor,director,low,1,109672,1,-3.3007335662841797,-4.095849990844727,True,108886.0
In Your Eyes,screenwriter,low,5,0,0,-11.670088768005373,-11.544992446899414,False,
In Your Eyes,screenwriter,low,5,10000,1,-2.300913572311402,-5.102973937988281,True,9674.0
In Your Eyes,screenwriter,low,5,20000,1,-2.6735434532165527,-5.122654914855957,True,19674.0
In Your Eyes,screenwriter,low,5,30000,2,-2.083976030349731,-5.592719078063965,True,2874.0
In Your Eyes,screenwriter,low,5,40000,3,-1.8719990253448489,-5.138000965118408,True,7084.0
In Your Eyes,screenwriter,low,5,50000,3,-1.8625637292861936,-5.42710018157959,True,17084.0
In Your Eyes,screenwriter,low,5,60000,3,-2.2602672576904297,-4.467458248138428,True,27084.0
In Your Eyes,screenwriter,low,5,70000,3,-1.7697105407714844,-4.709115505218506,True,37084.0
In Your Eyes,screenwriter,low,5,80000,3,-2.2427315711975098,-5.047612190246582,True,47084.0
In Your Eyes,screenwriter,low,5,90000,3,-1.892889618873596,-4.648825645446777,True,57084.0
In Your Eyes,screenwriter,low,5,100000,5,-1.9283201694488523,-3.695096969604492,True,640.0
In Your Eyes,screenwriter,low,5,109672,5,-1.980181336402893,-4.113895893096924,True,10312.0
Think About You,composer,low,2,0,0,-11.775632858276367,-11.598139762878418,False,
Think About You,composer,low,2,10000,1,-4.144124507904053,-4.425408363342285,True,383.0
Think About You,composer,low,2,20000,2,-4.2627854347229,-3.977601766586304,False,8245.0
Think About You,composer,low,2,30000,2,-3.679719924926758,-3.667890787124634,False,18245.0
Think About You,composer,low,2,40000,2,-3.8611323833465576,-4.5440354347229,True,28245.0
Think About You,composer,low,2,50000,2,-4.523451805114746,-3.7235419750213623,False,38245.0
Think About You,composer,low,2,60000,2,-3.3192169666290283,-3.215625524520874,False,48245.0
Think About You,composer,low,2,70000,2,-3.884052276611328,-3.4953277111053467,False,58245.0
Think About You,composer,low,2,80000,2,-3.090512275695801,-3.0307586193084717,False,68245.0
Think About You,composer,low,2,90000,2,-3.5982463359832764,-2.9247939586639404,False,78245.0
Think About You,composer,low,2,100000,2,-3.4170773029327393,-2.755207061767578,False,88245.0
Think About You,composer,low,2,109672,2,-2.716634750366211,-2.834808111190796,True,97917.0
The Cube,director,low,5,0,0,-11.531842231750488,-11.55194091796875,True,
The Cube,director,low,5,10000,0,-3.978429794311523,-5.561522960662842,True,
The Cube,director,low,5,20000,1,-4.524074077606201,-5.058662414550781,True,4548.0
The Cube,director,low,5,30000,2,-3.353797912597656,-4.001669883728027,True,2.0
The Cube,director,low,5,40000,2,-3.95107626914978,-3.9461917877197266,False,10002.0
The Cube,director,low,5,50000,2,-3.579561233520508,-3.388047456741333,False,20002.0
The Cube,director,low,5,60000,3,-3.871395111083984,-3.475193738937378,False,4475.0
The Cube,director,low,5,70000,3,-3.88381028175354,-3.3457088470458984,False,14475.0
The Cube,director,low,5,80000,5,-3.8829517364501953,-3.862765312194824,False,1339.0
The Cube,director,low,5,90000,5,-3.949771642684937,-3.331070899963379,False,11339.0
The Cube,director,low,5,100000,5,-4.120153903961182,-3.297848701477051,False,21339.0
The Cube,director,low,5,109672,5,-4.169575214385986,-3.3084301948547363,False,31011.0
Francesco Maria Farnese,father,low,4,0,0,-11.611452102661133,-11.085490226745604,False,
Francesco Maria Farnese,father,low,4,10000,1,-3.0894641876220703,-7.87263822555542,True,7866.0
Francesco Maria Farnese,father,low,4,20000,1,-2.5736618041992188,-7.196470737457275,True,17866.0
Francesco Maria Farnese,father,low,4,30000,1,-2.5402796268463135,-8.934406280517578,True,27866.0
Francesco Maria Farnese,father,low,4,40000,1,-2.9308764934539795,-7.769828796386719,True,37866.0
Francesco Maria Farnese,father,low,4,50000,1,-2.5671045780181885,-8.321795463562012,True,47866.0
Francesco Maria Farnese,father,low,4,60000,1,-2.021768808364868,-8.23653793334961,True,57866.0
Francesco Maria Farnese,father,low,4,70000,2,-2.23936128616333,-7.552995204925537,True,7249.0
Francesco Maria Farnese,father,low,4,80000,2,-1.9889434576034544,-8.115335464477539,True,17249.0
Francesco Maria Farnese,father,low,4,90000,2,-2.0217056274414062,-7.851948738098144,True,27249.0
Francesco Maria Farnese,father,low,4,100000,4,-1.909571409225464,-8.140339851379395,True,562.0
Francesco Maria Farnese,father,low,4,109672,4,-1.779157280921936,-7.480653285980225,True,10234.0
Arthur Herzog,father,mid,7,0,0,-11.805712699890137,-11.440506935119627,False,
Arthur Herzog,father,mid,7,10000,0,-1.6730622053146362,-5.68400239944458,True,
Arthur Herzog,father,mid,7,20000,0,-1.751212477684021,-4.9959821701049805,True,
Arthur Herzog,father,mid,7,30000,0,-1.9921809434890747,-4.061448574066162,True,
Arthur Herzog,father,mid,7,40000,1,-2.202364921569824,-5.418740272521973,True,4266.0
Arthur Herzog,father,mid,7,50000,2,-2.2667059898376465,-3.892704725265503,True,9703.0
Arthur Herzog,father,mid,7,60000,3,-2.4578254222869873,-4.456955909729004,True,5014.0
Arthur Herzog,father,mid,7,70000,3,-2.7095415592193604,-4.570389270782471,True,15014.0
Arthur Herzog,father,mid,7,80000,5,-2.6978867053985596,-3.897663116455078,True,4752.0
Arthur Herzog,father,mid,7,90000,5,-2.512094497680664,-4.058404445648193,True,14752.0
Arthur Herzog,father,mid,7,100000,7,-2.5752718448638916,-4.518625736236572,True,6231.0
Arthur Herzog,father,mid,7,109672,7,-2.633797407150269,-4.645692348480225,True,15903.0
Warrior,genre,mid,7,0,0,-11.86171817779541,-11.248064994812012,False,
Warrior,genre,mid,7,10000,1,-6.992496490478516,-5.221707820892334,False,7767.0
Warrior,genre,mid,7,20000,2,-6.022982597351074,-3.6607043743133545,False,8391.0
Warrior,genre,mid,7,30000,2,-6.130194664001465,-4.0426249504089355,False,18391.0
Warrior,genre,mid,7,40000,2,-5.847160816192627,-3.9833693504333496,False,28391.0
Warrior,genre,mid,7,50000,3,-6.16143798828125,-3.830583095550537,False,2538.0
Warrior,genre,mid,7,60000,3,-5.668957710266113,-3.7358405590057377,False,12538.0
Warrior,genre,mid,7,70000,4,-6.615757465362549,-4.899997711181641,False,1766.0
Warrior,genre,mid,7,80000,5,-6.065321922302246,-3.6972789764404297,False,6457.0
Warrior,genre,mid,7,90000,7,-5.974958419799805,-3.900699615478515,False,2418.0
Warrior,genre,mid,7,100000,7,-7.111392498016357,-4.16522216796875,False,12418.0
Warrior,genre,mid,7,109672,7,-6.344782829284668,-3.86165189743042,False,22090.0
Trance,producer,mid,18,0,0,-11.830814361572266,-11.108917236328123,False,
Trance,producer,mid,18,10000,7,-7.709002017974853,-7.963058471679688,True,878.0
Trance,producer,mid,18,20000,11,-6.091289043426514,-6.696533203125,True,1547.0
Trance,producer,mid,18,30000,13,-6.689998626708984,-6.338898658752441,False,107.0
Trance,producer,mid,18,40000,13,-4.876898288726807,-7.107056140899658,True,10107.0
Trance,producer,mid,18,50000,14,-5.568716049194336,-6.6610918045043945,True,2972.0
Trance,producer,mid,18,60000,14,-5.732247352600098,-6.670548439025879,True,12972.0
Trance,producer,mid,18,70000,15,-6.065723419189453,-6.278692245483398,True,6340.0
Trance,producer,mid,18,80000,16,-6.098257064819336,-6.985908031463623,True,2724.0
Trance,producer,mid,18,90000,17,-6.284525394439697,-6.0486226081848145,False,6147.0
Trance,producer,mid,18,100000,17,-5.938323020935059,-6.018367290496826,True,16147.0
Trance,producer,mid,18,109672,18,-6.218303680419922,-6.62516450881958,True,7686.0
Sacrifice,genre,mid,22,0,0,-11.432597160339355,-11.35573673248291,False,
Sacrifice,genre,mid,22,10000,0,-3.739508867263794,-7.277162551879883,True,
Sacrifice,genre,mid,22,20000,2,-4.941163539886475,-7.0924072265625,True,89.0
Sacrifice,genre,mid,22,30000,5,-3.3577489852905273,-5.229243278503418,True,2234.0
Sacrifice,genre,mid,22,40000,7,-4.940158843994141,-7.06970739364624,True,7248.0
Sacrifice,genre,mid,22,50000,10,-4.626695156097412,-5.921075820922852,True,5706.0
Sacrifice,genre,mid,22,60000,12,-3.977471351623535,-6.013207912445068,True,6372.0
Sacrifice,genre,mid,22,70000,14,-3.4033377170562744,-5.102864742279053,True,4676.0
Sacrifice,genre,mid,22,80000,17,-3.6895620822906494,-5.70339822769165,True,3826.0
Sacrifice,genre,mid,22,90000,18,-4.151710510253906,-6.0894246101379395,True,8996.0
Sacrifice,genre,mid,22,100000,21,-3.665088653564453,-5.940226078033447,True,2406.0
Sacrifice,genre,mid,22,109672,22,-3.892132520675659,-6.155361175537109,True,3008.0
Recess,producer,mid,17,0,0,-11.97002410888672,-11.763190269470217,False,
Recess,producer,mid,17,10000,2,-5.117003917694092,-5.290277481079102,True,2285.0
Recess,producer,mid,17,20000,3,-5.8185858726501465,-5.868551254272461,True,8737.0
Recess,producer,mid,17,30000,4,-4.634482383728027,-5.303823471069336,True,2170.0
Recess,producer,mid,17,40000,6,-5.875213623046875,-5.903046131134033,True,4388.0
Recess,producer,mid,17,50000,7,-4.14489221572876,-4.128551959991455,False,2729.0
Recess,producer,mid,17,60000,11,-3.85412335395813,-4.6468825340271,True,1962.0
Recess,producer,mid,17,70000,11,-4.5893988609313965,-5.2428131103515625,True,11962.0
Recess,producer,mid,17,80000,13,-4.687383651733398,-4.787606716156006,True,8733.0
Recess,producer,mid,17,90000,15,-4.453311920166016,-4.6293511390686035,True,4171.0
Recess,producer,mid,17,100000,17,-4.6037445068359375,-4.505969524383545,False,4934.0
Recess,producer,mid,17,109672,17,-4.849056243896484,-4.73463249206543,False,14606.0
Ninnindale,composer,mid,8,0,0,-11.908096313476562,-11.347285270690918,False,
Ninnindale,composer,mid,8,10000,0,-4.943014144897461,-4.854190826416016,False,
Ninnindale,composer,mid,8,20000,0,-5.499518871307373,-4.537995338439941,False,
Ninnindale,composer,mid,8,30000,0,-4.993592739105225,-4.46357536315918,False,
Ninnindale,composer,mid,8,40000,1,-5.953647613525391,-4.915495872497559,False,6050.0
Ninnindale,composer,mid,8,50000,2,-5.64447546005249,-2.9062488079071045,False,4114.0
Ninnindale,composer,mid,8,60000,2,-5.376842021942139,-3.525418996810913,False,14114.0
Ninnindale,composer,mid,8,70000,4,-4.686862468719482,-3.315906047821045,False,5714.0
Ninnindale,composer,mid,8,80000,6,-4.856655597686768,-1.87507963180542,False,4808.0
Ninnindale,composer,mid,8,90000,7,-4.866331577301025,-2.600790023803711,False,1624.0
Ninnindale,composer,mid,8,100000,8,-5.54815149307251,-1.887304186820984,False,2048.0
Ninnindale,composer,mid,8,109672,8,-5.474172592163086,-2.174853563308716,False,11720.0
Tabloid,director,mid,8,0,0,-11.33364963531494,-12.127130508422852,True,
Tabloid,director,mid,8,10000,0,-6.567332744598389,-5.693663597106934,False,
Tabloid,director,mid,8,20000,0,-5.828033447265625,-5.842191696166992,True,
Tabloid,director,mid,8,30000,0,-4.534931659698486,-3.845637559890747,False,
Tabloid,director,mid,8,40000,0,-4.767272472381592,-6.363666534423828,True,
Tabloid,director,mid,8,50000,0,-4.046262741088867,-4.872061729431152,True,
Tabloid,director,mid,8,60000,1,-4.565508842468262,-5.155385971069336,True,2339.0
Tabloid,director,mid,8,70000,4,-5.052420139312744,-5.188562393188477,True,4861.0
Tabloid,director,mid,8,80000,4,-4.25476598739624,-5.206823348999023,True,14861.0
Tabloid,director,mid,8,90000,5,-4.653493404388428,-5.993981838226318,True,2620.0
Tabloid,director,mid,8,100000,5,-4.600467205047607,-3.888536214828491,False,12620.0
Tabloid,director,mid,8,109672,8,-5.198604106903076,-4.609602451324463,False,932.0
The Court,genre,mid,8,0,0,-11.50120735168457,-11.619145393371582,True,
The Court,genre,mid,8,10000,2,-6.941236972808838,-3.5277347564697266,False,3441.0
The Court,genre,mid,8,20000,2,-8.542865753173828,-3.661347150802612,False,13441.0
The Court,genre,mid,8,30000,2,-6.865304946899414,-3.717284202575683,False,23441.0
The Court,genre,mid,8,40000,2,-6.449613571166992,-3.6703593730926514,False,33441.0
The Court,genre,mid,8,50000,3,-6.541399002075195,-4.272400379180908,False,6766.0
The Court,genre,mid,8,60000,5,-6.531108379364014,-3.7784671783447266,False,7358.0
The Court,genre,mid,8,70000,5,-7.054077625274658,-4.487452507019043,False,17358.0
The Court,genre,mid,8,80000,6,-6.311426162719727,-4.306069850921631,False,8733.0
The Court,genre,mid,8,90000,7,-6.3089399337768555,-3.940408945083618,False,4747.0
The Court,genre,mid,8,100000,7,-7.360144138336182,-4.354506015777588,False,14747.0
The Court,genre,mid,8,109672,8,-6.581793785095215,-4.325413227081299,False,2190.0
Royal Pudding,director,mid,9,0,0,-11.529581069946287,-11.53312873840332,True,
Royal Pudding,director,mid,9,10000,1,-6.376261234283447,-2.804680585861206,False,5354.0
Royal Pudding,director,mid,9,20000,2,-7.422090530395508,-3.337634801864624,False,1542.0
Royal Pudding,director,mid,9,30000,3,-5.398372650146484,-2.3788788318634033,False,1985.0
Royal Pudding,director,mid,9,40000,3,-7.093277454376221,-2.5260815620422363,False,11985.0
Royal Pudding,director,mid,9,50000,4,-6.376078128814697,-2.3113880157470703,False,9633.0
Royal Pudding,director,mid,9,60000,6,-6.284912109375,-3.08058500289917,False,2485.0
Royal Pudding,director,mid,9,70000,8,-7.962162971496582,-3.126798152923584,False,69.0
Royal Pudding,director,mid,9,80000,8,-7.370082855224609,-2.6685290336608887,False,10069.0
Royal Pudding,director,mid,9,90000,9,-7.695343017578125,-2.9647955894470215,False,5693.0
Royal Pudding,director,mid,9,100000,9,-7.573897361755371,-2.850994348526001,False,15693.0
Royal Pudding,director,mid,9,109672,9,-7.579390048980713,-2.8056883811950684,False,25365.0
The Actress,screenwriter,mid,12,0,0,-12.321475982666016,-11.802026748657228,False,
The Actress,screenwriter,mid,12,10000,1,-6.772888660430908,-7.1308441162109375,True,4782.0
The Actress,screenwriter,mid,12,20000,2,-6.23827600479126,-6.916980743408203,True,3586.0
The Actress,screenwriter,mid,12,30000,2,-6.506197929382324,-6.180157661437988,False,13586.0
The Actress,screenwriter,mid,12,40000,2,-6.80755090713501,-6.183808326721191,False,23586.0
The Actress,screenwriter,mid,12,50000,4,-5.678844928741455,-6.687567710876465,True,5340.0
The Actress,screenwriter,mid,12,60000,5,-6.03974723815918,-7.19173526763916,True,433.0
The Actress,screenwriter,mid,12,70000,7,-5.915590763092041,-6.779514789581299,True,3634.0
The Actress,screenwriter,mid,12,80000,7,-6.464364051818848,-6.504202842712402,True,13634.0
The Actress,screenwriter,mid,12,90000,9,-6.092348575592041,-6.567168235778809,True,530.0
The Actress,screenwriter,mid,12,100000,10,-5.8556952476501465,-5.977057456970215,True,9459.0
The Actress,screenwriter,mid,12,109672,12,-5.966675281524658,-6.487841606140137,True,1728.0
Donsol,screenwriter,mid,9,0,0,-11.518333435058594,-11.284974098205566,False,
Donsol,screenwriter,mid,9,10000,2,-4.648488998413086,-6.239430904388428,True,3007.0
Donsol,screenwriter,mid,9,20000,3,-4.421449661254883,-6.083217620849609,True,169.0
Donsol,screenwriter,mid,9,30000,4,-3.889633655548096,-5.936293125152588,True,7568.0
Donsol,screenwriter,mid,9,40000,4,-4.132811546325684,-6.080753326416016,True,17568.0
Donsol,screenwriter,mid,9,50000,4,-3.5732667446136475,-5.828413486480713,True,27568.0
Donsol,screenwriter,mid,9,60000,4,-3.8912253379821777,-5.667152404785156,True,37568.0
Donsol,screenwriter,mid,9,70000,5,-3.9502477645874023,-5.732200622558594,True,3558.0
Donsol,screenwriter,mid,9,80000,6,-4.183223724365234,-5.784098148345947,True,5352.0
Donsol,screenwriter,mid,9,90000,8,-3.728843688964844,-5.785428524017334,True,3563.0
Donsol,screenwriter,mid,9,100000,8,-3.9854888916015625,-6.123575687408447,True,13563.0
Donsol,screenwriter,mid,9,109672,9,-3.88858413696289,-6.06089448928833,True,5617.0
Time Out,screenwriter,mid,12,0,0,-12.134203910827637,-11.477827072143556,False,
Time Out,screenwriter,mid,12,10000,2,-9.123995780944824,-7.570724964141846,False,4509.0
Time Out,screenwriter,mid,12,20000,3,-9.750765800476074,-6.492254734039307,False,6279.0
Time Out,screenwriter,mid,12,30000,4,-9.155438423156738,-7.287541389465332,False,5024.0
Time Out,screenwriter,mid,12,40000,6,-8.855143547058105,-7.872950553894043,False,6894.0
Time Out,screenwriter,mid,12,50000,7,-9.101103782653809,-7.49540901184082,False,9436.0
Time Out,screenwriter,mid,12,60000,8,-7.389808654785156,-7.130984783172607,False,4498.0
Time Out,screenwriter,mid,12,70000,9,-7.5589118003845215,-6.077110290527344,False,1206.0
Time Out,screenwriter,mid,12,80000,10,-8.275819778442383,-4.504098892211914,False,7537.0
Time Out,screenwriter,mid,12,90000,10,-7.575963973999023,-5.642478942871094,False,17537.0
Time Out,screenwriter,mid,12,100000,11,-7.708346843719482,-4.557215690612793,False,1812.0
Time Out,screenwriter,mid,12,109672,12,-6.713350772857666,-5.10911226272583,False,6452.0
Army Daze,screenwriter,mid,14,0,0,-11.779441833496094,-11.371975898742676,False,
Army Daze,screenwriter,mid,14,10000,1,-5.8452324867248535,-6.100563049316406,True,9090.0
Army Daze,screenwriter,mid,14,20000,1,-5.732914447784424,-7.099610805511475,True,19090.0
Army Daze,screenwriter,mid,14,30000,3,-5.75464391708374,-7.1944451332092285,True,4960.0
Army Daze,screenwriter,mid,14,40000,3,-5.432167053222656,-7.120279312133789,True,14960.0
Army Daze,screenwriter,mid,14,50000,4,-5.646020889282227,-7.46396017074585,True,8365.0
Army Daze,screenwriter,mid,14,60000,6,-4.972893714904785,-6.793019771575928,True,3056.0
Army Daze,screenwriter,mid,14,70000,8,-5.050677299499512,-6.882358551025391,True,4550.0
Army Daze,screenwriter,mid,14,80000,10,-5.505405426025391,-7.592376708984375,True,6239.0
Army Daze,screenwriter,mid,14,90000,14,-5.574832439422607,-7.606632232666016,True,2244.0
Army Daze,screenwriter,mid,14,100000,14,-5.624314785003662,-7.490438938140869,True,12244.0
Army Daze,screenwriter,mid,14,109672,14,-5.550477504730225,-7.731225490570068,True,21916.0
Bullet to the Head,genre,mid,14,0,0,-11.644248962402344,-11.35460376739502,False,
Bullet to the Head,genre,mid,14,10000,4,-7.7114644050598145,-4.998610019683838,False,1783.0
Bullet to the Head,genre,mid,14,20000,6,-7.31919527053833,-4.783344745635986,False,3684.0
Bullet to the Head,genre,mid,14,30000,7,-6.857500076293945,-3.658076524734497,False,1330.0
Bullet to the Head,genre,mid,14,40000,9,-5.183977127075195,-3.283968210220337,False,4749.0
Bullet to the Head,genre,mid,14,50000,11,-6.729242324829102,-4.490791320800781,False,7418.0
Bullet to the Head,genre,mid,14,60000,11,-6.271231651306152,-4.140213489532471,False,17418.0
Bullet to the Head,genre,mid,14,70000,12,-5.932311534881592,-4.668458938598633,False,6007.0
Bullet to the Head,genre,mid,14,80000,12,-6.347901821136475,-3.875450372695923,False,16007.0
Bullet to the Head,genre,mid,14,90000,13,-5.755181789398193,-3.59914493560791,False,7878.0
Bullet to the Head,genre,mid,14,100000,13,-6.139310836791992,-4.052401065826416,False,17878.0
Bullet to the Head,genre,mid,14,109672,14,-5.8841023445129395,-3.759845733642578,False,8263.0
30 Minutes,genre,mid,10,0,0,-11.469422340393066,-11.268472671508787,False,
30 Minutes,genre,mid,10,10000,0,-5.33922004699707,-6.512623310089111,True,
30 Minutes,genre,mid,10,20000,1,-4.119529724121094,-5.0678887367248535,True,106.0
30 Minutes,genre,mid,10,30000,2,-3.7069954872131343,-4.247303009033203,True,4842.0
30 Minutes,genre,mid,10,40000,3,-4.023406028747559,-4.29353141784668,True,6224.0
30 Minutes,genre,mid,10,50000,5,-4.351366996765137,-5.126865863800049,True,916.0
30 Minutes,genre,mid,10,60000,6,-4.571860313415527,-4.858207702636719,True,7118.0
30 Minutes,genre,mid,10,70000,6,-4.857245445251465,-4.239795207977295,False,17118.0
30 Minutes,genre,mid,10,80000,6,-4.030110836029053,-3.665472030639648,False,27118.0
30 Minutes,genre,mid,10,90000,7,-4.111639022827148,-3.953599214553833,False,7872.0
30 Minutes,genre,mid,10,100000,7,-4.642722129821777,-4.361313819885254,False,17872.0
30 Minutes,genre,mid,10,109672,10,-4.242365837097168,-5.048522472381592,True,2189.0
The East,composer,mid,19,0,0,-11.615010261535645,-11.625240325927734,True,
The East,composer,mid,19,10000,1,-8.685942649841309,-4.073764324188232,False,9974.0
The East,composer,mid,19,20000,2,-6.871804237365723,-3.039081335067749,False,647.0
The East,composer,mid,19,30000,4,-7.806462287902832,-2.9202165603637695,False,491.0
The East,composer,mid,19,40000,8,-10.038755416870115,-3.5911035537719727,False,3982.0
The East,composer,mid,19,50000,8,-8.426297187805176,-2.587578058242798,False,13982.0
The East,composer,mid,19,60000,9,-8.782877922058105,-2.278696775436402,False,9322.0
The East,composer,mid,19,70000,11,-8.385629653930664,-2.5745880603790283,False,6181.0
The East,composer,mid,19,80000,11,-9.285642623901367,-2.3245561122894287,False,16181.0
The East,composer,mid,19,90000,14,-7.632579803466797,-2.4663407802581787,False,2746.0
The East,composer,mid,19,100000,18,-7.993456840515137,-2.3514750003814697,False,3071.0
The East,composer,mid,19,109672,19,-7.397734642028809,-2.6380064487457275,False,6940.0
Anton II of Georgia,father,mid,15,0,0,-11.7572021484375,-11.002007484436035,False,
Anton II of Georgia,father,mid,15,10000,1,-2.8440723419189453,-3.305233955383301,True,5712.0
Anton II of Georgia,father,mid,15,20000,3,-2.872204542160034,-3.291056871414185,True,512.0
Anton II of Georgia,father,mid,15,30000,6,-2.10455060005188,-3.4035942554473877,True,3177.0
Anton II of Georgia,father,mid,15,40000,8,-1.9825395345687864,-3.692926406860352,True,267.0
Anton II of Georgia,father,mid,15,50000,11,-2.368497371673584,-2.1924383640289307,False,3401.0
Anton II of Georgia,father,mid,15,60000,12,-2.6093947887420654,-3.0751142501831055,True,1435.0
Anton II of Georgia,father,mid,15,70000,13,-2.5822596549987793,-2.417189121246338,False,370.0
Anton II of Georgia,father,mid,15,80000,14,-1.6959466934204102,-2.6438357830047607,True,584.0
Anton II of Georgia,father,mid,15,90000,14,-1.9251421689987185,-2.9811582565307617,True,10584.0
Anton II of Georgia,father,mid,15,100000,14,-1.824792504310608,-2.6232407093048096,True,20584.0
Anton II of Georgia,father,mid,15,109672,15,-1.7168707847595217,-2.3069515228271484,True,8437.0
Ankhiyon Ke Jharokhon Se,composer,mid,13,0,0,-11.694580078125,-11.56310749053955,False,
Ankhiyon Ke Jharokhon Se,composer,mid,13,10000,2,-5.766965389251709,-7.354555606842041,True,5843.0
Ankhiyon Ke Jharokhon Se,composer,mid,13,20000,3,-5.812315464019775,-5.853246688842773,True,1780.0
Ankhiyon Ke Jharokhon Se,composer,mid,13,30000,3,-3.522012948989868,-6.125971794128418,True,11780.0
Ankhiyon Ke Jharokhon Se,composer,mid,13,40000,4,-4.8074951171875,-5.99178409576416,True,1813.0
Ankhiyon Ke Jharokhon Se,composer,mid,13,50000,5,-5.115314483642578,-6.585733413696289,True,3150.0
Ankhiyon Ke Jharokhon Se,composer,mid,13,60000,7,-4.079835891723633,-5.642285346984863,True,3739.0
Ankhiyon Ke Jharokhon Se,composer,mid,13,70000,7,-4.184515476226807,-6.159870147705078,True,13739.0
Ankhiyon Ke Jharokhon Se,composer,mid,13,80000,7,-3.9545297622680664,-6.210732460021973,True,23739.0
Ankhiyon Ke Jharokhon Se,composer,mid,13,90000,9,-4.914664268493652,-6.220375061035156,True,1983.0
Ankhiyon Ke Jharokhon Se,composer,mid,13,100000,10,-4.1656270027160645,-5.693906784057617,True,506.0
Ankhiyon Ke Jharokhon Se,composer,mid,13,109672,13,-4.028531074523926,-5.607034206390381,True,5686.0
Cousins,director,mid,16,0,0,-11.171689987182615,-11.331459045410156,True,
Cousins,director,mid,16,10000,0,-3.353889226913452,-3.686497926712036,True,
Cousins,director,mid,16,20000,2,-4.080674171447754,-3.1275100708007812,False,3399.0
Cousins,director,mid,16,30000,3,-3.849590301513672,-2.77624249458313,False,5928.0
Cousins,director,mid,16,40000,4,-4.342130184173584,-4.080928802490234,False,8916.0
Cousins,director,mid,16,50000,8,-3.532165765762329,-3.381455183029175,False,478.0
Cousins,director,mid,16,60000,8,-3.709953546524048,-2.1767499446868896,False,10478.0
Cousins,director,mid,16,70000,8,-3.444664478302002,-2.705190658569336,False,20478.0
Cousins,director,mid,16,80000,12,-3.208876609802246,-2.7789981365203857,False,5453.0
Cousins,director,mid,16,90000,12,-3.4113266468048096,-2.585341453552246,False,15453.0
Cousins,director,mid,16,100000,13,-3.1666407585144043,-2.317250967025757,False,6109.0
Cousins,director,mid,16,109672,16,-3.2796685695648193,-2.444132089614868,False,1650.0
Jade,composer,mid,20,0,0,-11.96699047088623,-11.49993133544922,False,
Jade,composer,mid,20,10000,3,-5.452188968658447,-6.41873836517334,True,754.0
Jade,composer,mid,20,20000,5,-5.172343730926514,-4.949425220489502,False,6662.0
Jade,composer,mid,20,30000,6,-4.749795436859131,-4.6649088859558105,False,2975.0
Jade,composer,mid,20,40000,7,-5.124180316925049,-5.819765567779541,True,6623.0
Jade,composer,mid,20,50000,7,-4.471181392669678,-4.853618144989014,True,16623.0
Jade,composer,mid,20,60000,9,-4.446438789367676,-4.76690149307251,True,4227.0
Jade,composer,mid,20,70000,10,-3.989295959472656,-4.561676502227783,True,2749.0
Jade,composer,mid,20,80000,15,-4.132003307342529,-4.1675639152526855,True,182.0
Jade,composer,mid,20,90000,17,-3.767627954483032,-4.6334733963012695,True,3608.0
Jade,composer,mid,20,100000,20,-3.814455032348633,-4.984968662261963,True,1599.0
Jade,composer,mid,20,109672,20,-3.639871835708618,-5.0814924240112305,True,11271.0
Eating Out,genre,mid,16,0,0,-12.663661003112791,-11.263923645019531,False,
Eating Out,genre,mid,16,10000,2,-5.8161163330078125,-6.538194179534912,True,967.0
Eating Out,genre,mid,16,20000,4,-5.871575355529785,-7.050065040588379,True,1404.0
Eating Out,genre,mid,16,30000,6,-5.37980318069458,-5.472617149353027,True,2463.0
Eating Out,genre,mid,16,40000,8,-4.887417793273926,-5.8851776123046875,True,461.0
Eating Out,genre,mid,16,50000,8,-5.8825201988220215,-6.23764705657959,True,10461.0
Eating Out,genre,mid,16,60000,9,-5.594231605529785,-5.854970455169678,True,6818.0
Eating Out,genre,mid,16,70000,9,-4.966415882110596,-6.7227935791015625,True,16818.0
Eating Out,genre,mid,16,80000,9,-5.797250747680664,-6.625373840332031,True,26818.0
Eating Out,genre,mid,16,90000,11,-5.021480083465576,-6.432262897491455,True,2532.0
Eating Out,genre,mid,16,100000,15,-5.942760944366455,-7.417048454284668,True,500.0
Eating Out,genre,mid,16,109672,16,-5.285792827606201,-7.3349609375,True,6862.0
As One,genre,mid,9,0,0,-11.581074714660645,-11.329183578491213,False,
As One,genre,mid,9,10000,1,-6.740449905395508,-6.949975967407227,True,5697.0
As One,genre,mid,9,20000,3,-5.604646682739258,-6.097158432006836,True,5251.0
As One,genre,mid,9,30000,3,-5.058126926422119,-5.784273147583008,True,15251.0
As One,genre,mid,9,40000,4,-4.973795413970947,-5.669774532318115,True,6730.0
As One,genre,mid,9,50000,4,-5.697935581207275,-5.953848361968994,True,16730.0
As One,genre,mid,9,60000,4,-6.668453693389893,-5.469909191131592,False,26730.0
As One,genre,mid,9,70000,5,-5.193335056304932,-4.892027378082275,False,4785.0
As One,genre,mid,9,80000,5,-6.260986804962158,-5.278642177581787,False,14785.0
As One,genre,mid,9,90000,6,-6.508190631866455,-4.850497722625732,False,3482.0
As One,genre,mid,9,100000,9,-5.576653957366943,-4.891592025756836,False,833.0
As One,genre,mid,9,109672,9,-5.981534957885742,-4.850622653961182,False,10505.0
Condorman,director,mid,16,0,0,-11.585780143737791,-10.968914985656738,False,
Condorman,director,mid,16,10000,1,-6.175065994262695,-5.0490522384643555,False,2362.0
Condorman,director,mid,16,20000,3,-6.682098865509033,-6.635836601257324,False,3553.0
Condorman,director,mid,16,30000,5,-6.814798355102539,-5.248473644256592,False,3770.0
Condorman,director,mid,16,40000,6,-7.196376800537109,-6.859325408935547,False,9910.0
Condorman,director,mid,16,50000,9,-5.910974979400635,-5.510316848754883,False,2491.0
Condorman,director,mid,16,60000,10,-6.080863952636719,-5.965035438537598,False,1603.0
Condorman,director,mid,16,70000,10,-5.6035027503967285,-5.62120246887207,True,11603.0
Condorman,director,mid,16,80000,12,-5.7605061531066895,-5.784754276275635,True,1538.0
Condorman,director,mid,16,90000,13,-6.002754211425781,-6.368995189666748,True,9561.0
Condorman,director,mid,16,100000,14,-5.601789951324463,-6.137821197509766,True,5019.0
Condorman,director,mid,16,109672,16,-5.21377420425415,-5.305392265319824,True,4624.0
"Honey, We Shrunk Ourselves",director,mid,19,0,0,-11.475028038024902,-11.738264083862305,True,
"Honey, We Shrunk Ourselves",director,mid,19,10000,2,-6.658641815185547,-3.951295852661133,False,2608.0
"Honey, We Shrunk Ourselves",director,mid,19,20000,3,-7.616736888885498,-4.254573345184326,False,523.0
"Honey, We Shrunk Ourselves",director,mid,19,30000,5,-6.919836044311523,-3.3536031246185303,False,4869.0
"Honey, We Shrunk Ourselves",director,mid,19,40000,6,-6.702206611633301,-4.315215587615967,False,1536.0
"Honey, We Shrunk Ourselves",director,mid,19,50000,8,-6.400937080383301,-3.540477752685547,False,1512.0
"Honey, We Shrunk Ourselves",director,mid,19,60000,9,-6.04484224319458,-3.532789707183838,False,3499.0
"Honey, We Shrunk Ourselves",director,mid,19,70000,10,-5.828934669494629,-3.166173219680786,False,2140.0
"Honey, We Shrunk Ourselves",director,mid,19,80000,13,-5.545968055725098,-3.470362663269043,False,318.0
"Honey, We Shrunk Ourselves",director,mid,19,90000,13,-5.116551876068115,-3.4320569038391113,False,10318.0
"Honey, We Shrunk Ourselves",director,mid,19,100000,13,-5.4412736892700195,-3.915393590927124,False,20318.0
"Honey, We Shrunk Ourselves",director,mid,19,109672,19,-5.12190055847168,-2.765815496444702,False,249.0
Beautiful,screenwriter,mid,14,0,0,-11.564742088317873,-11.694600105285645,True,
Beautiful,screenwriter,mid,14,10000,1,-6.341888427734375,-4.542360305786133,False,944.0
Beautiful,screenwriter,mid,14,20000,2,-4.976272106170654,-3.894549608230591,False,9109.0
Beautiful,screenwriter,mid,14,30000,5,-3.6402125358581543,-2.718251466751098,False,779.0
Beautiful,screenwriter,mid,14,40000,6,-5.562036991119385,-3.8468799591064458,False,9018.0
Beautiful,screenwriter,mid,14,50000,10,-4.3855485916137695,-3.2117862701416016,False,2871.0
Beautiful,screenwriter,mid,14,60000,10,-4.819116115570068,-2.737075090408325,False,12871.0
Beautiful,screenwriter,mid,14,70000,13,-4.565330982208252,-2.9174792766571045,False,6950.0
Beautiful,screenwriter,mid,14,80000,13,-3.772500276565552,-2.83345365524292,False,16950.0
Beautiful,screenwriter,mid,14,90000,13,-4.131930828094482,-2.9694247245788574,False,26950.0
Beautiful,screenwriter,mid,14,100000,14,-4.125397205352783,-2.7983365058898926,False,8211.0
Beautiful,screenwriter,mid,14,109672,14,-3.6594271659851074,-2.8892574310302734,False,17883.0
By Design,director,mid,9,0,0,-11.786750793457031,-11.663049697875977,False,
By Design,director,mid,9,10000,2,-5.7527923583984375,-6.12624979019165,True,6484.0
By Design,director,mid,9,20000,3,-5.5410637855529785,-6.104213714599609,True,5950.0
By Design,director,mid,9,30000,3,-5.093408107757568,-5.844306945800781,True,15950.0
By Design,director,mid,9,40000,6,-6.118711948394775,-5.542403697967529,False,1567.0
By Design,director,mid,9,50000,6,-5.5710625648498535,-5.2282280921936035,False,11567.0
By Design,director,mid,9,60000,6,-4.254974842071533,-4.939949035644531,True,21567.0
By Design,director,mid,9,70000,7,-4.612610340118408,-5.305346488952637,True,6977.0
By Design,director,mid,9,80000,7,-4.9891462326049805,-5.289391994476318,True,16977.0
By Design,director,mid,9,90000,8,-5.829757213592529,-4.2025227546691895,False,1570.0
By Design,director,mid,9,100000,9,-5.3955912590026855,-4.4671854972839355,False,6746.0
By Design,director,mid,9,109672,9,-4.41003942489624,-4.623985290527344,True,16418.0
Sweet Home,screenwriter,mid,7,0,0,-11.878493309020996,-11.224916458129885,False,
Sweet Home,screenwriter,mid,7,10000,0,-3.4116909503936768,-4.719027042388916,True,
Sweet Home,screenwriter,mid,7,20000,0,-3.995344877243042,-4.670969486236572,True,
Sweet Home,screenwriter,mid,7,30000,1,-3.6056814193725586,-4.25333309173584,True,3966.0
Sweet Home,screenwriter,mid,7,40000,1,-3.9164164066314697,-3.7434821128845215,False,13966.0
Sweet Home,screenwriter,mid,7,50000,1,-3.193328857421875,-3.6212546825408936,True,23966.0
Sweet Home,screenwriter,mid,7,60000,2,-3.2697646617889404,-3.849557399749756,True,1218.0
Sweet Home,screenwriter,mid,7,70000,2,-3.3613195419311523,-3.666875123977661,True,11218.0
Sweet Home,screenwriter,mid,7,80000,3,-2.998309850692749,-3.4921679496765137,True,2365.0
Sweet Home,screenwriter,mid,7,90000,5,-3.124338150024414,-3.9642512798309326,True,1011.0
Sweet Home,screenwriter,mid,7,100000,7,-2.7300665378570557,-3.6843371391296382,True,6094.0
Sweet Home,screenwriter,mid,7,109672,7,-3.0934934616088867,-3.412977933883667,True,15766.0
Simon,screenwriter,mid,7,0,0,-11.608787536621094,-11.694839477539062,True,
Simon,screenwriter,mid,7,10000,1,-6.808855056762695,-5.397024631500244,False,118.0
Simon,screenwriter,mid,7,20000,1,-8.209166526794434,-3.698068380355835,False,10118.0
Simon,screenwriter,mid,7,30000,1,-7.272501468658447,-4.102768421173096,False,20118.0
Simon,screenwriter,mid,7,40000,1,-7.755738735198975,-4.159611225128174,False,30118.0
Simon,screenwriter,mid,7,50000,2,-7.939142227172852,-3.828411340713501,False,5811.0
Simon,screenwriter,mid,7,60000,2,-7.436522960662842,-3.1930582523345947,False,15811.0
Simon,screenwriter,mid,7,70000,3,-6.926265239715576,-2.704495668411255,False,2756.0
Simon,screenwriter,mid,7,80000,3,-6.633584499359131,-2.9847800731658936,False,12756.0
Simon,screenwriter,mid,7,90000,5,-5.754398822784424,-3.2031309604644775,False,487.0
Simon,screenwriter,mid,7,100000,6,-5.93496561050415,-2.518227815628052,False,4648.0
Simon,screenwriter,mid,7,109672,7,-5.627842426300049,-2.930130958557129,False,7265.0
Tomorrow Is Yesterday,director,mid,21,0,0,-11.74578094482422,-11.526830673217772,False,
Tomorrow Is Yesterday,director,mid,21,10000,2,-3.939133405685425,-3.3248984813690186,False,1940.0
Tomorrow Is Yesterday,director,mid,21,20000,5,-3.013953447341919,-3.179110288619995,True,1174.0
Tomorrow Is Yesterday,director,mid,21,30000,5,-3.193931579589844,-3.027618169784546,False,11174.0
Tomorrow Is Yesterday,director,mid,21,40000,10,-2.747645378112793,-2.6997692584991455,False,250.0
Tomorrow Is Yesterday,director,mid,21,50000,11,-3.111945867538452,-2.507047414779663,False,2078.0
Tomorrow Is Yesterday,director,mid,21,60000,12,-3.0016701221466064,-2.672264575958252,False,7934.0
Tomorrow Is Yesterday,director,mid,21,70000,16,-2.9230833053588867,-2.906414270401001,False,2644.0
Tomorrow Is Yesterday,director,mid,21,80000,18,-3.3062312602996826,-2.675105333328247,False,1058.0
Tomorrow Is Yesterday,director,mid,21,90000,20,-2.8517544269561768,-2.709555387496948,False,3728.0
Tomorrow Is Yesterday,director,mid,21,100000,20,-2.5292727947235107,-2.6529171466827393,True,13728.0
Tomorrow Is Yesterday,director,mid,21,109672,21,-2.864414930343628,-2.6364002227783203,False,1414.0
Familia,screenwriter,mid,7,0,0,-11.533544540405272,-11.633465766906738,True,
Familia,screenwriter,mid,7,10000,0,-5.872072219848633,-6.655019760131836,True,
Familia,screenwriter,mid,7,20000,0,-5.650554180145264,-6.570999622344971,True,
Familia,screenwriter,mid,7,30000,3,-5.675205707550049,-5.240799427032471,False,368.0
Familia,screenwriter,mid,7,40000,3,-5.700995922088623,-5.116954326629639,False,10368.0
Familia,screenwriter,mid,7,50000,3,-5.0976128578186035,-5.83405065536499,True,20368.0
Familia,screenwriter,mid,7,60000,4,-4.834099292755127,-4.7813239097595215,False,7804.0
Familia,screenwriter,mid,7,70000,5,-4.53012752532959,-4.570985794067383,True,161.0
Familia,screenwriter,mid,7,80000,6,-4.388912677764893,-4.996309280395508,True,7899.0
Familia,screenwriter,mid,7,90000,6,-4.728240966796875,-4.410264492034912,False,17899.0
Familia,screenwriter,mid,7,100000,7,-4.719401836395264,-4.24232816696167,False,2475.0
Familia,screenwriter,mid,7,109672,7,-4.668249130249023,-4.147758483886719,False,12147.0
They,producer,mid,10,0,0,-11.337773323059082,-11.222283363342283,False,
They,producer,mid,10,10000,2,-8.343069076538086,-3.9291396141052246,False,5015.0
They,producer,mid,10,20000,2,-9.15418815612793,-3.882323980331421,False,15015.0
They,producer,mid,10,30000,3,-8.190195083618164,-3.3651227951049805,False,5550.0
They,producer,mid,10,40000,3,-6.955909729003906,-2.6390388011932373,False,15550.0
They,producer,mid,10,50000,4,-7.409271240234375,-3.5720865726470947,False,5779.0
They,producer,mid,10,60000,6,-7.806703567504883,-3.947190284729004,False,407.0
They,producer,mid,10,70000,7,-8.182162284851074,-3.302461862564087,False,6233.0
They,producer,mid,10,80000,7,-7.131265640258789,-3.4299087524414062,False,16233.0
They,producer,mid,10,90000,8,-7.801218032836914,-3.606664896011353,False,6540.0
They,producer,mid,10,100000,8,-7.743208885192871,-3.746006965637207,False,16540.0
They,producer,mid,10,109672,10,-7.5385284423828125,-3.515388250350952,False,6657.0
La Collectionneuse,screenwriter,mid,15,0,0,-11.780293464660645,-11.456501960754396,False,
La Collectionneuse,screenwriter,mid,15,10000,1,-6.045475959777832,-6.0531816482543945,True,9449.0
La Collectionneuse,screenwriter,mid,15,20000,3,-5.800087928771973,-6.427380561828613,True,7271.0
La Collectionneuse,screenwriter,mid,15,30000,3,-5.625750541687012,-5.331448554992676,False,17271.0
La Collectionneuse,screenwriter,mid,15,40000,3,-6.228031158447266,-5.9740142822265625,False,27271.0
La Collectionneuse,screenwriter,mid,15,50000,5,-6.309635162353516,-6.271552562713623,False,4706.0
La Collectionneuse,screenwriter,mid,15,60000,5,-4.768317222595215,-6.353113651275635,True,14706.0
La Collectionneuse,screenwriter,mid,15,70000,8,-6.319919109344482,-6.245043754577637,False,6144.0
La Collectionneuse,screenwriter,mid,15,80000,11,-5.21401834487915,-5.484222888946533,True,3270.0
La Collectionneuse,screenwriter,mid,15,90000,12,-6.147611618041992,-6.200743198394775,True,6899.0
La Collectionneuse,screenwriter,mid,15,100000,15,-5.943065166473389,-5.77847957611084,False,1191.0
La Collectionneuse,screenwriter,mid,15,109672,15,-5.888731479644775,-5.824681758880615,False,10863.0
BE,producer,mid,13,0,0,-11.028454780578612,-11.057354927062988,True,
BE,producer,mid,13,10000,2,-7.298105716705322,-5.715345859527588,False,5941.0
BE,producer,mid,13,20000,2,-7.965652465820312,-5.802433013916016,False,15941.0
BE,producer,mid,13,30000,3,-6.517373561859131,-5.92556095123291,False,1304.0
BE,producer,mid,13,40000,5,-7.871058940887451,-5.19797420501709,False,3030.0
BE,producer,mid,13,50000,6,-6.488788604736328,-5.4006028175354,False,6998.0
BE,producer,mid,13,60000,8,-6.123739719390869,-5.631191253662109,False,120.0
BE,producer,mid,13,70000,10,-6.181849002838135,-5.744608402252197,False,4661.0
BE,producer,mid,13,80000,11,-6.3074798583984375,-5.938981533050537,False,9164.0
BE,producer,mid,13,90000,12,-6.113256931304932,-5.636321067810059,False,4946.0
BE,producer,mid,13,100000,13,-6.302892208099365,-5.688096046447754,False,6183.0
BE,producer,mid,13,109672,13,-6.319260120391846,-6.093316078186035,False,15855.0
Guru,composer,mid,13,0,0,-11.746854782104492,-11.24089527130127,False,
Guru,composer,mid,13,10000,2,-4.857701301574707,-4.9480180740356445,True,1473.0
Guru,composer,mid,13,20000,3,-2.8462891578674316,-2.7568600177764893,False,8149.0
Guru,composer,mid,13,30000,3,-2.1504642963409424,-4.660612106323242,True,18149.0
Guru,composer,mid,13,40000,4,-3.613649368286133,-3.0866732597351074,False,9847.0
Guru,composer,mid,13,50000,5,-2.842097759246826,-4.033477783203125,True,9708.0
Guru,composer,mid,13,60000,6,-2.1531388759613037,-2.8911662101745605,True,9591.0
Guru,composer,mid,13,70000,7,-2.2814266681671143,-3.33271861076355,True,3401.0
Guru,composer,mid,13,80000,9,-2.1436026096343994,-2.8717591762542725,True,2573.0
Guru,composer,mid,13,90000,9,-2.226404905319214,-3.3226101398468018,True,12573.0
Guru,composer,mid,13,100000,10,-2.35221266746521,-3.0241215229034424,True,2461.0
Guru,composer,mid,13,109672,13,-2.476898193359375,-2.3333170413970947,False,1895.0
Michael Jackson's Ghosts,screenwriter,high,22,0,0,-11.564855575561523,-11.690569877624512,True,
Michael Jackson's Ghosts,screenwriter,high,22,10000,0,-2.2246651649475098,-6.698266983032227,True,
Michael Jackson's Ghosts,screenwriter,high,22,20000,0,-3.0419983863830566,-7.557924747467041,True,
Michael Jackson's Ghosts,screenwriter,high,22,30000,4,-1.8772939443588257,-6.3662800788879395,True,2303.0
Michael Jackson's Ghosts,screenwriter,high,22,40000,7,-2.884134292602539,-7.485916137695312,True,3854.0
Michael Jackson's Ghosts,screenwriter,high,22,50000,8,-3.644474983215332,-6.7268195152282715,True,8871.0
Michael Jackson's Ghosts,screenwriter,high,22,60000,9,-3.015663146972656,-6.129831790924072,True,547.0
Michael Jackson's Ghosts,screenwriter,high,22,70000,12,-2.9245693683624268,-6.145248889923096,True,529.0
Michael Jackson's Ghosts,screenwriter,high,22,80000,15,-3.6601428985595703,-5.6610589027404785,True,1437.0
Michael Jackson's Ghosts,screenwriter,high,22,90000,16,-3.988609313964844,-7.375194549560547,True,7299.0
Michael Jackson's Ghosts,screenwriter,high,22,100000,18,-3.705641269683838,-6.702564239501953,True,5073.0
Michael Jackson's Ghosts,screenwriter,high,22,109672,22,-3.2346651554107666,-5.958292007446289,True,2506.0
Good News,screenwriter,high,24,0,0,-11.06448459625244,-10.7540283203125,False,
Good News,screenwriter,high,24,10000,2,-7.627255916595459,-5.763855457305908,False,193.0
Good News,screenwriter,high,24,20000,5,-5.348601818084717,-5.96104621887207,True,5633.0
Good News,screenwriter,high,24,30000,8,-5.443140506744385,-6.282764434814453,True,5096.0
Good News,screenwriter,high,24,40000,12,-6.220445156097412,-6.70024299621582,True,1968.0
Good News,screenwriter,high,24,50000,12,-5.450267314910889,-5.267589092254639,False,11968.0
Good News,screenwriter,high,24,60000,14,-5.661189556121826,-5.307554721832275,False,2163.0
Good News,screenwriter,high,24,70000,17,-4.904966831207275,-6.2204813957214355,True,6197.0
Good News,screenwriter,high,24,80000,20,-5.3358073234558105,-5.752343654632568,True,2494.0
Good News,screenwriter,high,24,90000,21,-5.114976406097412,-5.785284519195557,True,2605.0
Good News,screenwriter,high,24,100000,23,-4.8737969398498535,-6.056449890136719,True,2629.0
Good News,screenwriter,high,24,109672,24,-4.623725414276123,-5.6746649742126465,True,2566.0
The Departed,producer,high,205,0,0,-11.674555778503418,-11.83422565460205,True,
The Departed,producer,high,205,10000,13,-6.669816017150879,-4.704883098602295,False,1357.0
The Departed,producer,high,205,20000,36,-5.932302474975586,-4.1441969871521,False,120.0
The Departed,producer,high,205,30000,54,-6.055924415588379,-4.410542964935303,False,1874.0
The Departed,producer,high,205,40000,76,-5.947504043579102,-3.791654586791992,False,129.0
The Departed,producer,high,205,50000,99,-5.689267635345459,-3.6406946182250977,False,892.0
The Departed,producer,high,205,60000,115,-5.696723937988281,-3.94780158996582,False,125.0
The Departed,producer,high,205,70000,137,-6.483363628387451,-4.220251560211182,False,215.0
The Departed,producer,high,205,80000,152,-5.390128135681152,-3.6193313598632817,False,524.0
The Departed,producer,high,205,90000,171,-5.791646480560303,-3.994899034500122,False,443.0
The Departed,producer,high,205,100000,185,-5.553402900695801,-3.865799188613891,False,9.0
The Departed,producer,high,205,109672,205,-5.928208351135254,-3.996451616287231,False,197.0
Antalya,capital of,high,1669,0,0,-12.361080169677734,-10.980732917785645,False,
Antalya,capital of,high,1669,10000,164,-2.209029197692871,-5.299457550048828,True,176.0
Antalya,capital of,high,1669,20000,300,-1.3216146230697632,-6.337981224060059,True,73.0
Antalya,capital of,high,1669,30000,442,-1.3707079887390137,-5.987360000610352,True,10.0
Antalya,capital of,high,1669,40000,583,-1.2370537519454956,-6.7276177406311035,True,117.0
Antalya,capital of,high,1669,50000,769,-1.027185320854187,-6.615628242492676,True,118.0
Antalya,capital of,high,1669,60000,929,-1.32464599609375,-6.004694938659668,True,73.0
Antalya,capital of,high,1669,70000,1058,-1.1351975202560425,-6.093786716461182,True,0.0
Antalya,capital of,high,1669,80000,1205,-1.0038392543792725,-7.002099990844727,True,219.0
Antalya,capital of,high,1669,90000,1369,-1.1140555143356323,-7.508098602294922,True,125.0
Antalya,capital of,high,1669,100000,1532,-1.1485344171524048,-7.6668596267700195,True,47.0
Antalya,capital of,high,1669,109672,1667,-1.0197778940200806,-6.814554214477539,True,35.0
MASH,screenwriter,high,165,0,0,-11.742487907409668,-11.655752182006836,False,
MASH,screenwriter,high,165,10000,13,-6.464902400970459,-2.9945545196533203,False,351.0
MASH,screenwriter,high,165,20000,31,-5.375186443328857,-3.391684055328369,False,154.0
MASH,screenwriter,high,165,30000,40,-5.091616153717041,-3.085198163986206,False,771.0
MASH,screenwriter,high,165,40000,55,-4.013742923736572,-3.449904441833496,False,3.0
MASH,screenwriter,high,165,50000,67,-5.009050369262695,-3.0219502449035645,False,352.0
MASH,screenwriter,high,165,60000,88,-4.557900905609131,-2.8221089839935303,False,159.0
MASH,screenwriter,high,165,70000,97,-4.612682342529297,-2.899134397506714,False,55.0
MASH,screenwriter,high,165,80000,112,-4.335289001464844,-2.506009101867676,False,310.0
MASH,screenwriter,high,165,90000,135,-4.105879783630371,-2.887943983078003,False,522.0
MASH,screenwriter,high,165,100000,147,-3.7126760482788086,-2.6707935333251953,False,103.0
MASH,screenwriter,high,165,109672,165,-4.117798328399658,-2.860128402709961,False,1618.0
The Constant,screenwriter,high,28,0,0,-11.35225772857666,-11.195388793945312,False,
The Constant,screenwriter,high,28,10000,2,-3.62296724319458,-5.2581658363342285,True,1573.0
The Constant,screenwriter,high,28,20000,4,-3.976603746414185,-5.428554058074951,True,4256.0
The Constant,screenwriter,high,28,30000,9,-2.8911843299865723,-5.821132659912109,True,4218.0
The Constant,screenwriter,high,28,40000,12,-3.4021694660186768,-6.2371625900268555,True,1829.0
The Constant,screenwriter,high,28,50000,12,-3.8333144187927246,-5.949483871459961,True,11829.0
The Constant,screenwriter,high,28,60000,15,-4.577330112457275,-6.130199432373047,True,1612.0
The Constant,screenwriter,high,28,70000,18,-3.1092817783355713,-5.440859794616699,True,4336.0
The Constant,screenwriter,high,28,80000,19,-2.5584447383880615,-4.275972843170166,True,8378.0
The Constant,screenwriter,high,28,90000,20,-2.8084487915039062,-5.159666061401367,True,5382.0
The Constant,screenwriter,high,28,100000,25,-2.988278865814209,-5.160407066345215,True,898.0
The Constant,screenwriter,high,28,109672,28,-2.5856716632843018,-4.889397144317627,True,3157.0
Manthan,screenwriter,high,26,0,0,-11.49099826812744,-11.547785758972168,True,
Manthan,screenwriter,high,26,10000,5,-6.482271671295166,-6.333215236663818,False,2597.0
Manthan,screenwriter,high,26,20000,6,-6.1170454025268555,-6.348973751068115,True,845.0
Manthan,screenwriter,high,26,30000,7,-6.284719467163086,-5.470218181610107,False,8773.0
Manthan,screenwriter,high,26,40000,7,-8.045042037963867,-5.3004679679870605,False,18773.0
Manthan,screenwriter,high,26,50000,11,-7.02630615234375,-5.988257884979248,False,590.0
Manthan,screenwriter,high,26,60000,14,-5.5617804527282715,-5.661622524261475,True,3206.0
Manthan,screenwriter,high,26,70000,15,-5.539333820343018,-5.037206172943115,False,6955.0
Manthan,screenwriter,high,26,80000,18,-5.7768073081970215,-5.2412800788879395,False,998.0
Manthan,screenwriter,high,26,90000,20,-5.523048400878906,-5.001010417938232,False,2557.0
Manthan,screenwriter,high,26,100000,24,-5.0812087059021,-4.838660717010498,False,583.0
Manthan,screenwriter,high,26,109672,26,-4.798003196716309,-4.9191107749938965,True,3142.0
The Incredible Burt Wonderstone,producer,high,26,0,0,-11.684328079223633,-11.662402153015137,False,
The Incredible Burt Wonderstone,producer,high,26,10000,3,-8.41884994506836,-6.346278667449951,False,1210.0
The Incredible Burt Wonderstone,producer,high,26,20000,5,-8.31783676147461,-7.075682640075684,False,4401.0
The Incredible Burt Wonderstone,producer,high,26,30000,8,-7.00870418548584,-5.163715839385986,False,1481.0
The Incredible Burt Wonderstone,producer,high,26,40000,10,-8.125946044921875,-6.130943775177002,False,6753.0
The Incredible Burt Wonderstone,producer,high,26,50000,12,-8.250350952148438,-5.395851135253906,False,8014.0
The Incredible Burt Wonderstone,producer,high,26,60000,14,-8.190149307250977,-5.754927635192871,False,1319.0
The Incredible Burt Wonderstone,producer,high,26,70000,17,-7.704327583312988,-6.484381675720215,False,2588.0
The Incredible Burt Wonderstone,producer,high,26,80000,20,-9.065529823303224,-6.01173210144043,False,2265.0
The Incredible Burt Wonderstone,producer,high,26,90000,20,-8.09273910522461,-6.06596565246582,False,12265.0
The Incredible Burt Wonderstone,producer,high,26,100000,24,-6.72874116897583,-4.85207462310791,False,694.0
The Incredible Burt Wonderstone,producer,high,26,109672,26,-8.00651741027832,-5.812872886657715,False,4175.0
The Dead,director,high,33,0,0,-11.427525520324709,-10.979079246520996,False,
The Dead,director,high,33,10000,2,-3.625388383865357,-7.109257221221924,True,4274.0
The Dead,director,high,33,20000,4,-3.867724657058716,-5.928382873535156,True,2253.0
The Dead,director,high,33,30000,8,-2.71545147895813,-6.5374436378479,True,567.0
The Dead,director,high,33,40000,10,-3.611891746520996,-5.400859355926514,True,4749.0
The Dead,director,high,33,50000,15,-3.451584815979004,-4.816264629364014,True,4658.0
The Dead,director,high,33,60000,16,-3.2290515899658203,-4.0636491775512695,True,6295.0
The Dead,director,high,33,70000,18,-3.8878190517425537,-5.041876316070557,True,2678.0
The Dead,director,high,33,80000,24,-3.826961517333984,-4.13927698135376,True,1187.0
The Dead,director,high,33,90000,28,-4.5161213874816895,-5.134602069854736,True,2370.0
The Dead,director,high,33,100000,30,-3.910905599594116,-4.072074890136719,True,4030.0
The Dead,director,high,33,109672,33,-4.061426162719727,-4.247790813446045,True,3538.0
The Holiday,director,high,53,0,0,-12.090344429016112,-11.585654258728027,False,
The Holiday,director,high,53,10000,10,-5.769789218902588,-6.311758995056152,True,830.0
The Holiday,director,high,53,20000,15,-4.952209949493408,-7.241076469421387,True,4034.0
The Holiday,director,high,53,30000,16,-4.766354560852051,-4.917502403259277,True,8238.0
The Holiday,director,high,53,40000,17,-5.983602523803711,-5.180139064788818,False,3167.0
The Holiday,director,high,53,50000,21,-5.174399375915527,-4.384141445159912,False,1842.0
The Holiday,director,high,53,60000,26,-4.658743381500244,-5.922106742858887,True,4566.0
The Holiday,director,high,53,70000,30,-5.259378910064697,-6.2456440925598145,True,663.0
The Holiday,director,high,53,80000,35,-5.058178424835205,-5.952648162841797,True,268.0
The Holiday,director,high,53,90000,43,-5.096827983856201,-5.411694049835205,True,1216.0
The Holiday,director,high,53,100000,47,-4.940500736236572,-5.729068279266357,True,2834.0
The Holiday,director,high,53,109672,53,-4.902580738067627,-5.717723846435547,True,147.0
Another Year,screenwriter,high,31,0,0,-11.624850273132324,-11.381738662719728,False,
Another Year,screenwriter,high,31,10000,1,-7.411140441894531,-5.528026103973389,False,1574.0
Another Year,screenwriter,high,31,20000,5,-7.091770172119141,-5.076324939727783,False,3309.0
Another Year,screenwriter,high,31,30000,7,-5.390815734863281,-4.38643741607666,False,3265.0
Another Year,screenwriter,high,31,40000,7,-7.022119522094727,-4.633923530578613,False,13265.0
Another Year,screenwriter,high,31,50000,11,-6.318109512329102,-4.770900249481201,False,254.0
Another Year,screenwriter,high,31,60000,12,-6.015377521514893,-3.952045440673828,False,1763.0
Another Year,screenwriter,high,31,70000,14,-5.587673187255859,-3.759826183319092,False,1023.0
Another Year,screenwriter,high,31,80000,16,-6.0227885246276855,-4.092700004577637,False,5745.0
Another Year,screenwriter,high,31,90000,20,-5.940783500671387,-3.786843776702881,False,397.0
Another Year,screenwriter,high,31,100000,24,-5.997532844543457,-4.213568687438965,False,633.0
Another Year,screenwriter,high,31,109672,31,-5.842883586883545,-3.9426028728485103,False,1170.0
Best in Show,director,high,61,0,0,-11.672208786010742,-11.714564323425291,True,
Best in Show,director,high,61,10000,10,-6.77134895324707,-6.120559215545654,False,118.0
Best in Show,director,high,61,20000,14,-5.863851070404053,-5.075540542602539,False,1191.0
Best in Show,director,high,61,30000,17,-5.340214729309082,-4.048584938049316,False,1612.0
Best in Show,director,high,61,40000,23,-5.064621448516846,-4.477792263031006,False,2559.0
Best in Show,director,high,61,50000,25,-4.7529425621032715,-4.180371284484863,False,1717.0
Best in Show,director,high,61,60000,34,-5.985705375671387,-3.968130350112915,False,119.0
Best in Show,director,high,61,70000,39,-5.858854293823242,-4.3891825675964355,False,4221.0
Best in Show,director,high,61,80000,47,-5.934421539306641,-3.362560272216797,False,198.0
Best in Show,director,high,61,90000,52,-5.62209415435791,-3.696831703186035,False,780.0
Best in Show,director,high,61,100000,53,-5.5171217918396,-4.086131572723389,False,455.0
Best in Show,director,high,61,109672,61,-6.323936462402344,-3.918597459793091,False,1113.0
On the Town,producer,high,78,0,0,-11.744330406188965,-11.280162811279297,False,
On the Town,producer,high,78,10000,4,-6.456707000732422,-5.083000183105469,False,1314.0
On the Town,producer,high,78,20000,10,-6.211755275726318,-4.108267784118652,False,32.0
On the Town,producer,high,78,30000,17,-6.622211456298828,-3.965954303741455,False,1199.0
On the Town,producer,high,78,40000,21,-6.349327087402344,-3.575901985168457,False,2128.0
On the Town,producer,high,78,50000,31,-6.126033306121826,-3.5884876251220703,False,1301.0
On the Town,producer,high,78,60000,37,-5.577861309051514,-3.4712727069854736,False,2131.0
On the Town,producer,high,78,70000,42,-5.989428997039795,-3.3200714588165283,False,1782.0
On the Town,producer,high,78,80000,49,-5.688096523284912,-3.7150521278381343,False,2011.0
On the Town,producer,high,78,90000,59,-4.965850353240967,-3.2539312839508057,False,477.0
On the Town,producer,high,78,100000,69,-5.648138046264648,-3.561718702316284,False,1475.0
On the Town,producer,high,78,109672,78,-5.192585468292236,-3.422687292098999,False,1804.0
Great Expectations,screenwriter,high,74,0,0,-11.632299423217772,-11.651678085327148,True,
Great Expectations,screenwriter,high,74,10000,3,-9.036214828491213,-6.500079154968262,False,390.0
Great Expectations,screenwriter,high,74,20000,11,-8.359514236450195,-6.4046783447265625,False,536.0
Great Expectations,screenwriter,high,74,30000,15,-7.918403148651123,-4.972594261169434,False,972.0
Great Expectations,screenwriter,high,74,40000,23,-8.692716598510742,-7.930299282073975,False,3767.0
Great Expectations,screenwriter,high,74,50000,33,-7.91623067855835,-5.5562968254089355,False,1460.0
Great Expectations,screenwriter,high,74,60000,41,-7.160697937011719,-4.924692153930664,False,539.0
Great Expectations,screenwriter,high,74,70000,46,-7.655782222747803,-4.896101474761963,False,897.0
Great Expectations,screenwriter,high,74,80000,54,-7.08732795715332,-5.058100700378418,False,532.0
Great Expectations,screenwriter,high,74,90000,57,-7.967137336730957,-5.4946136474609375,False,3343.0
Great Expectations,screenwriter,high,74,100000,67,-7.201139450073242,-5.307523727416992,False,464.0
Great Expectations,screenwriter,high,74,109672,74,-7.389037132263184,-5.065110206604004,False,3243.0
The Boxtrolls,director,high,40,0,0,-12.03178596496582,-11.778820037841797,False,
The Boxtrolls,director,high,40,10000,3,-5.593566417694092,-4.700788974761963,False,4350.0
The Boxtrolls,director,high,40,20000,3,-5.317591190338135,-4.891425609588623,False,14350.0
The Boxtrolls,director,high,40,30000,5,-4.887327671051025,-3.904828548431397,False,274.0
The Boxtrolls,director,high,40,40000,9,-5.100037097930908,-4.11893892288208,False,6786.0
The Boxtrolls,director,high,40,50000,12,-5.614694595336914,-3.1500322818756104,False,2427.0
The Boxtrolls,director,high,40,60000,15,-4.965878963470459,-3.2592263221740723,False,3148.0
The Boxtrolls,director,high,40,70000,22,-5.255969524383545,-3.25130033493042,False,55.0
The Boxtrolls,director,high,40,80000,27,-5.226591110229492,-3.678136348724365,False,1099.0
The Boxtrolls,director,high,40,90000,33,-4.266742706298828,-3.1429319381713867,False,2669.0
The Boxtrolls,director,high,40,100000,34,-4.839959621429443,-3.451014280319214,False,9447.0
The Boxtrolls,director,high,40,109672,40,-4.8005242347717285,-3.677748441696167,False,147.0
A Little Night Music,composer,high,300,0,0,-11.62670612335205,-10.765687942504885,False,
A Little Night Music,composer,high,300,10000,25,-2.8533668518066406,-5.122074127197266,True,385.0
A Little Night Music,composer,high,300,20000,54,-3.030085563659668,-4.9126482009887695,True,200.0
A Little Night Music,composer,high,300,30000,83,-3.0395002365112305,-3.47574234008789,True,142.0
A Little Night Music,composer,high,300,40000,114,-2.522554874420166,-4.063202857971191,True,465.0
A Little Night Music,composer,high,300,50000,146,-2.7748863697052,-3.513347625732422,True,342.0
A Little Night Music,composer,high,300,60000,170,-2.7219467163085938,-3.530379295349121,True,965.0
A Little Night Music,composer,high,300,70000,187,-2.6187832355499268,-2.9557230472564697,True,465.0
A Little Night Music,composer,high,300,80000,209,-2.8344080448150635,-2.969482421875,True,391.0
A Little Night Music,composer,high,300,90000,246,-2.9357166290283203,-3.097205400466919,True,172.0
A Little Night Music,composer,high,300,100000,269,-2.6131041049957275,-2.6461639404296875,True,209.0
A Little Night Music,composer,high,300,109672,300,-2.7374846935272217,-2.7637293338775635,True,1155.0
Ronneby,capital of,high,91,0,0,-11.96348476409912,-11.318257331848145,False,
Ronneby,capital of,high,91,10000,10,-2.611377000808716,-5.962125301361084,True,2072.0
Ronneby,capital of,high,91,20000,15,-2.628574848175049,-5.7370100021362305,True,734.0
Ronneby,capital of,high,91,30000,23,-2.5814146995544434,-6.011171817779541,True,260.0
Ronneby,capital of,high,91,40000,29,-2.478135824203491,-6.015970230102539,True,919.0
Ronneby,capital of,high,91,50000,37,-2.519648313522339,-5.847366809844971,True,582.0
Ronneby,capital of,high,91,60000,49,-2.6159064769744873,-6.107825756072998,True,592.0
Ronneby,capital of,high,91,70000,56,-2.5851054191589355,-5.873300075531006,True,774.0
Ronneby,capital of,high,91,80000,63,-1.7254798412322998,-5.907651424407959,True,3045.0
Ronneby,capital of,high,91,90000,74,-1.9505727291107176,-5.104116916656494,True,567.0
Ronneby,capital of,high,91,100000,84,-2.230384588241577,-5.297573089599609,True,219.0
Ronneby,capital of,high,91,109672,91,-2.4367802143096924,-5.70177698135376,True,1627.0
Witness,composer,high,70,0,0,-11.369728088378906,-11.639925003051758,True,
Witness,composer,high,70,10000,8,-5.23445463180542,-5.299437999725342,True,70.0
Witness,composer,high,70,20000,12,-4.3132243156433105,-4.900445461273193,True,164.0
Witness,composer,high,70,30000,19,-4.349655628204346,-5.280604362487793,True,668.0
Witness,composer,high,70,40000,25,-4.896510601043701,-5.968314170837402,True,979.0
Witness,composer,high,70,50000,34,-5.241596221923828,-5.4378814697265625,True,214.0
Witness,composer,high,70,60000,38,-4.257863521575928,-5.5766448974609375,True,4546.0
Witness,composer,high,70,70000,43,-2.6273882389068604,-5.919558525085449,True,1422.0
Witness,composer,high,70,80000,50,-4.47848653793335,-5.832746505737305,True,1342.0
Witness,composer,high,70,90000,56,-3.8850584030151367,-5.48240327835083,True,390.0
Witness,composer,high,70,100000,60,-3.2591331005096436,-5.958943843841553,True,459.0
Witness,composer,high,70,109672,70,-4.023685455322266,-5.882060527801514,True,2098.0
A.I. Artificial Intelligence,director,high,128,0,0,-12.05453109741211,-11.612457275390623,False,
A.I. Artificial Intelligence,director,high,128,10000,11,-5.165694236755371,-5.49803352355957,True,136.0
A.I. Artificial Intelligence,director,high,128,20000,20,-4.888303756713867,-4.145798206329346,False,1034.0
A.I. Artificial Intelligence,director,high,128,30000,32,-4.204363822937012,-4.549804210662842,True,430.0
A.I. Artificial Intelligence,director,high,128,40000,46,-3.7878963947296143,-5.151818752288818,True,166.0
A.I. Artificial Intelligence,director,high,128,50000,65,-4.5816168785095215,-4.110925197601318,False,209.0
A.I. Artificial Intelligence,director,high,128,60000,79,-6.038304328918457,-3.934474229812622,False,658.0
A.I. Artificial Intelligence,director,high,128,70000,86,-6.376891613006592,-4.431680679321289,False,529.0
A.I. Artificial Intelligence,director,high,128,80000,95,-4.296080112457275,-4.653113842010498,True,1844.0
A.I. Artificial Intelligence,director,high,128,90000,109,-4.603260040283203,-3.475809335708618,False,165.0
A.I. Artificial Intelligence,director,high,128,100000,121,-4.257168292999268,-3.618151903152466,False,170.0
A.I. Artificial Intelligence,director,high,128,109672,128,-4.530305862426758,-3.770209550857544,False,1634.0
L. Ron Hubbard,religion,high,744,0,0,-11.84139919281006,-11.227437019348145,False,
L. Ron Hubbard,religion,high,744,10000,65,-9.597769737243652,-4.859131813049316,False,156.0
L. Ron Hubbard,religion,high,744,20000,139,-10.6891450881958,-4.744199752807617,False,57.0
L. Ron Hubbard,religion,high,744,30000,213,-9.29722499847412,-3.4459707736968994,False,127.0
L. Ron Hubbard,religion,high,744,40000,281,-8.299116134643555,-3.991599321365357,False,0.0
L. Ron Hubbard,religion,high,744,50000,342,-9.701021194458008,-4.718379974365234,False,203.0
L. Ron Hubbard,religion,high,744,60000,408,-11.005891799926758,-4.30447244644165,False,173.0
L. Ron Hubbard,religion,high,744,70000,471,-10.134767532348633,-4.4817423820495605,False,233.0
L. Ron Hubbard,religion,high,744,80000,546,-8.974088668823242,-4.464432239532471,False,130.0
L. Ron Hubbard,religion,high,744,90000,610,-7.586756706237793,-3.639173030853271,False,60.0
L. Ron Hubbard,religion,high,744,100000,674,-8.736832618713379,-4.782826900482178,False,111.0
L. Ron Hubbard,religion,high,744,109672,744,-7.323817729949951,-4.520173072814941,False,51.0
A.I. Artificial Intelligence,screenwriter,high,128,0,0,-11.625276565551758,-11.276860237121582,False,
A.I. Artificial Intelligence,screenwriter,high,128,10000,11,-7.914160251617432,-5.280104160308838,False,136.0
A.I. Artificial Intelligence,screenwriter,high,128,20000,20,-7.681297302246094,-4.408915996551514,False,1034.0
A.I. Artificial Intelligence,screenwriter,high,128,30000,32,-6.297677040100098,-4.635171890258789,False,430.0
A.I. Artificial Intelligence,screenwriter,high,128,40000,46,-8.938177108764648,-5.4456963539123535,False,166.0
A.I. Artificial Intelligence,screenwriter,high,128,50000,65,-6.868976593017578,-5.416344165802002,False,209.0
A.I. Artificial Intelligence,screenwriter,high,128,60000,79,-6.475071907043457,-5.362596035003662,False,658.0
A.I. Artificial Intelligence,screenwriter,high,128,70000,86,-6.3224873542785645,-4.897842884063721,False,529.0
A.I. Artificial Intelligence,screenwriter,high,128,80000,95,-6.808019638061523,-5.1238603591918945,False,1844.0
A.I. Artificial Intelligence,screenwriter,high,128,90000,109,-5.945069313049316,-4.905323505401611,False,165.0
A.I. Artificial Intelligence,screenwriter,high,128,100000,121,-7.156991958618164,-5.153942108154297,False,170.0
A.I. Artificial Intelligence,screenwriter,high,128,109672,128,-6.258666038513184,-5.046170711517334,False,1634.0
Live Your Life,composer,high,32,0,0,-11.47077465057373,-11.168434143066406,False,
Live Your Life,composer,high,32,10000,3,-4.6334919929504395,-4.4127044677734375,False,177.0
Live Your Life,composer,high,32,20000,6,-4.430557727813721,-4.589014053344727,True,3234.0
Live Your Life,composer,high,32,30000,8,-4.276912212371826,-5.175702095031738,True,1671.0
Live Your Life,composer,high,32,40000,9,-4.544544696807861,-4.831945419311523,True,705.0
Live Your Life,composer,high,32,50000,14,-4.8986029624938965,-4.967447757720947,True,1006.0
Live Your Life,composer,high,32,60000,17,-3.9969520568847656,-4.607134819030762,True,80.0
Live Your Life,composer,high,32,70000,18,-4.315082550048828,-4.502812385559082,True,3586.0
Live Your Life,composer,high,32,80000,20,-4.46400785446167,-4.438235759735107,False,3950.0
Live Your Life,composer,high,32,90000,23,-4.719075679779053,-4.465115070343018,False,5235.0
Live Your Life,composer,high,32,100000,28,-4.455533504486084,-4.5493669509887695,True,1270.0
Live Your Life,composer,high,32,109672,32,-4.700093746185303,-4.544322967529297,False,1710.0
The Wrestler,director,high,105,0,0,-11.474037170410156,-11.466778755187988,False,
The Wrestler,director,high,105,10000,9,-3.6826229095458984,-5.912398338317871,True,1265.0
The Wrestler,director,high,105,20000,20,-5.2854509353637695,-4.659445285797119,False,1988.0
The Wrestler,director,high,105,30000,26,-3.043942451477051,-4.394207954406738,True,553.0
The Wrestler,director,high,105,40000,37,-3.36221694946289,-5.843952655792236,True,2289.0
The Wrestler,director,high,105,50000,50,-3.3827152252197266,-5.153298377990723,True,2541.0
The Wrestler,director,high,105,60000,61,-3.5100274085998535,-5.292304992675781,True,701.0
The Wrestler,director,high,105,70000,71,-2.620974063873291,-4.147897243499756,True,1041.0
The Wrestler,director,high,105,80000,81,-3.032907724380493,-4.638067245483398,True,1259.0
The Wrestler,director,high,105,90000,90,-2.7669615745544434,-4.016602516174316,True,1550.0
The Wrestler,director,high,105,100000,95,-2.627525568008423,-3.896851062774658,True,188.0
The Wrestler,director,high,105,109672,105,-2.7810566425323486,-3.9435677528381343,True,341.0
Vision,father,high,370,0,0,-11.468721389770508,-11.52614402770996,True,
Vision,father,high,370,10000,27,-7.621639251708984,-4.245661735534668,False,21.0
Vision,father,high,370,20000,64,-6.853337287902832,-3.6848278045654297,False,699.0
Vision,father,high,370,30000,101,-6.991588592529297,-2.4135847091674805,False,1025.0
Vision,father,high,370,40000,130,-7.851280212402344,-3.0633583068847656,False,20.0
Vision,father,high,370,50000,162,-6.529376029968262,-2.9169576168060303,False,905.0
Vision,father,high,370,60000,194,-7.946866989135742,-2.016809463500977,False,495.0
Vision,father,high,370,70000,241,-7.480700969696045,-2.1966428756713867,False,58.0
Vision,father,high,370,80000,271,-7.5821123123168945,-2.524641275405884,False,351.0
Vision,father,high,370,90000,296,-7.748022079467773,-2.368440866470337,False,754.0
Vision,father,high,370,100000,331,-7.62946891784668,-2.1251611709594727,False,32.0
Vision,father,high,370,109672,370,-7.837630271911621,-2.281519651412964,False,355.0
The Kid,screenwriter,high,74,0,0,-11.6892671585083,-11.312457084655762,False,
The Kid,screenwriter,high,74,10000,6,-4.748417854309082,-6.88762092590332,True,983.0
The Kid,screenwriter,high,74,20000,12,-4.627978801727295,-6.766225337982178,True,1867.0
The Kid,screenwriter,high,74,30000,17,-2.9887068271636963,-5.155823230743408,True,944.0
The Kid,screenwriter,high,74,40000,24,-4.339009761810303,-7.073978424072266,True,553.0
The Kid,screenwriter,high,74,50000,27,-3.471555471420288,-6.256208896636963,True,74.0
The Kid,screenwriter,high,74,60000,31,-2.8933522701263428,-6.448484420776367,True,20.0
The Kid,screenwriter,high,74,70000,40,-3.6085212230682377,-5.570201396942139,True,488.0
The Kid,screenwriter,high,74,80000,50,-3.432624578475952,-6.088552951812744,True,745.0
The Kid,screenwriter,high,74,90000,58,-3.324481725692749,-6.341580867767334,True,675.0
The Kid,screenwriter,high,74,100000,66,-3.0375359058380127,-5.967594623565674,True,638.0
The Kid,screenwriter,high,74,109672,74,-3.1637954711914062,-6.4213104248046875,True,305.0
Another Year,composer,high,31,0,0,-11.429773330688477,-11.766865730285645,True,
Another Year,composer,high,31,10000,1,-6.687141418457031,-7.015781402587891,True,1574.0
Another Year,composer,high,31,20000,5,-5.996659278869629,-6.458047866821289,True,3309.0
Another Year,composer,high,31,30000,7,-7.122799873352051,-6.914266109466553,False,3265.0
Another Year,composer,high,31,40000,7,-6.507816314697266,-6.755853652954102,True,13265.0
Another Year,composer,high,31,50000,11,-6.4458160400390625,-7.002920627593994,True,254.0
Another Year,composer,high,31,60000,12,-6.441906929016113,-5.88861083984375,False,1763.0
Another Year,composer,high,31,70000,14,-7.16980504989624,-6.66239595413208,False,1023.0
Another Year,composer,high,31,80000,16,-6.97864294052124,-6.128088474273682,False,5745.0
Another Year,composer,high,31,90000,20,-6.713074207305908,-6.0050950050354,False,397.0
Another Year,composer,high,31,100000,24,-6.715799808502197,-6.180938720703125,False,633.0
Another Year,composer,high,31,109672,31,-7.33784818649292,-6.7422356605529785,False,1170.0
Flesh,producer,high,25,0,0,-11.419300079345703,-11.422479629516602,True,
Flesh,producer,high,25,10000,3,-3.7964699268341064,-6.498022079467773,True,3321.0
Flesh,producer,high,25,20000,7,-3.5803184509277344,-7.009427547454834,True,1958.0
Flesh,producer,high,25,30000,9,-3.498128652572632,-7.424790382385254,True,5229.0
Flesh,producer,high,25,40000,11,-2.9322452545166016,-6.057700157165527,True,2530.0
Flesh,producer,high,25,50000,12,-3.428753137588501,-6.612978935241699,True,8491.0
Flesh,producer,high,25,60000,15,-3.941401481628418,-7.084867000579834,True,746.0
Flesh,producer,high,25,70000,16,-3.363502264022827,-6.749295234680176,True,9069.0
Flesh,producer,high,25,80000,17,-3.573545455932617,-6.269562721252441,True,5439.0
Flesh,producer,high,25,90000,20,-4.257323741912842,-7.23659610748291,True,771.0
Flesh,producer,high,25,100000,25,-3.8105392456054688,-6.635927200317383,True,162.0
Flesh,producer,high,25,109672,25,-3.7642879486083984,-7.038922309875488,True,9834.0
Cookie's Fortune,producer,high,23,0,0,-11.759278297424316,-11.128984451293944,False,
Cookie's Fortune,producer,high,23,10000,2,-4.0107340812683105,-7.119345664978027,True,2639.0
Cookie's Fortune,producer,high,23,20000,2,-4.002176761627197,-6.619298458099365,True,12639.0
Cookie's Fortune,producer,high,23,30000,6,-4.284835338592529,-6.361007213592529,True,3979.0
Cookie's Fortune,producer,high,23,40000,9,-3.3848965167999268,-6.1947455406188965,True,3857.0
Cookie's Fortune,producer,high,23,50000,11,-3.632922410964966,-7.12835168838501,True,1140.0
Cookie's Fortune,producer,high,23,60000,13,-3.8272860050201416,-6.143768787384033,True,6921.0
Cookie's Fortune,producer,high,23,70000,13,-3.924375295639038,-6.305973529815674,True,16921.0
Cookie's Fortune,producer,high,23,80000,14,-3.62521767616272,-6.2351861000061035,True,5554.0
Cookie's Fortune,producer,high,23,90000,16,-3.789231538772583,-6.419658660888672,True,4028.0
Cookie's Fortune,producer,high,23,100000,21,-3.949948072433472,-6.636651515960693,True,226.0
Cookie's Fortune,producer,high,23,109672,23,-4.057460784912109,-5.954078674316406,True,1896.0
Elizabeth,capital of,high,1279,0,1,-12.315478324890137,-11.668176651000977,False,0.0
Elizabeth,capital of,high,1279,10000,126,-4.614602088928223,-6.849634647369385,True,24.0
Elizabeth,capital of,high,1279,20000,246,-4.469754219055176,-5.800346374511719,True,15.0
Elizabeth,capital of,high,1279,30000,354,-4.877258777618408,-5.227777481079102,True,77.0
Elizabeth,capital of,high,1279,40000,493,-4.533416271209717,-6.195355415344238,True,12.0
Elizabeth,capital of,high,1279,50000,612,-4.6650309562683105,-6.4595184326171875,True,193.0
Elizabeth,capital of,high,1279,60000,726,-4.256063461303711,-5.777932167053223,True,47.0
Elizabeth,capital of,high,1279,70000,829,-4.214820861816406,-5.6985931396484375,True,81.0
Elizabeth,capital of,high,1279,80000,954,-4.5275373458862305,-6.162280082702637,True,471.0
Elizabeth,capital of,high,1279,90000,1070,-4.380460739135742,-4.789453029632568,True,73.0
Elizabeth,capital of,high,1279,100000,1186,-4.488264083862305,-5.2446441650390625,True,6.0
Elizabeth,capital of,high,1279,109672,1279,-4.8373613357543945,-5.1920061111450195,True,50.0
Azhagi,screenwriter,high,25,0,0,-11.420343399047852,-11.528414726257324,True,
Azhagi,screenwriter,high,25,10000,0,-5.783662796020508,-5.282807350158691,False,
Azhagi,screenwriter,high,25,20000,0,-5.948502540588379,-6.439932823181152,True,
Azhagi,screenwriter,high,25,30000,2,-5.363284111022949,-4.4088921546936035,False,873.0
Azhagi,screenwriter,high,25,40000,5,-5.822007656097412,-5.098540306091309,False,2244.0
Azhagi,screenwriter,high,25,50000,12,-4.95238733291626,-4.10966157913208,False,641.0
Azhagi,screenwriter,high,25,60000,13,-5.550372123718262,-4.098598480224609,False,581.0
Azhagi,screenwriter,high,25,70000,16,-5.0645856857299805,-4.028717994689941,False,1369.0
Azhagi,screenwriter,high,25,80000,18,-5.333470821380615,-3.985142946243286,False,5295.0
Azhagi,screenwriter,high,25,90000,21,-4.548800945281982,-3.777472257614136,False,2894.0
Azhagi,screenwriter,high,25,100000,22,-4.064352989196777,-4.227209091186523,True,2629.0
Azhagi,screenwriter,high,25,109672,25,-3.7353675365448,-3.2000014781951904,False,4294.0
This Love,composer,high,42,0,0,-11.588358879089355,-11.527400016784668,False,
This Love,composer,high,42,10000,8,-5.783597469329834,-6.979538440704346,True,200.0
This Love,composer,high,42,20000,10,-6.550227642059326,-7.613229274749756,True,260.0
This Love,composer,high,42,30000,12,-7.3476881980896,-7.933444976806641,True,4679.0
This Love,composer,high,42,40000,16,-6.396633148193359,-8.175956726074219,True,2149.0
This Love,composer,high,42,50000,21,-6.35912561416626,-7.433204650878906,True,2267.0
This Love,composer,high,42,60000,27,-6.695756435394287,-6.98547887802124,True,2153.0
This Love,composer,high,42,70000,32,-6.539867877960205,-7.279346466064453,True,1669.0
This Love,composer,high,42,80000,35,-6.728036403656006,-6.725688934326172,False,4583.0
This Love,composer,high,42,90000,36,-6.699927806854248,-5.513444900512695,False,6132.0
This Love,composer,high,42,100000,40,-6.693321228027344,-6.156362533569336,False,2327.0
This Love,composer,high,42,109672,42,-7.064799785614014,-6.910554885864258,False,6837.0
Ray,producer,high,102,0,0,-11.226601600646973,-11.314555168151855,True,
Ray,producer,high,102,10000,9,-6.278621673583984,-5.134975910186768,False,225.0
Ray,producer,high,102,20000,21,-6.095317363739014,-4.2925615310668945,False,272.0
Ray,producer,high,102,30000,31,-5.8714599609375,-4.499553203582764,False,989.0
Ray,producer,high,102,40000,38,-6.252481937408447,-3.849656343460083,False,93.0
Ray,producer,high,102,50000,45,-6.83617639541626,-4.471938610076904,False,832.0
Ray,producer,high,102,60000,57,-6.236976623535156,-3.564491271972656,False,398.0
Ray,producer,high,102,70000,68,-7.037646770477295,-4.068164348602295,False,468.0
Ray,producer,high,102,80000,77,-5.481579303741455,-3.617223501205444,False,1609.0
Ray,producer,high,102,90000,85,-5.609564304351807,-4.026698112487793,False,845.0
Ray,producer,high,102,100000,93,-5.291993618011475,-3.5164873600006104,False,983.0
Ray,producer,high,102,109672,102,-5.3683552742004395,-4.059560298919678,False,1148.0
Hippolyte Flandrin,genre,high,63,0,0,-11.50469207763672,-11.378697395324709,False,
Hippolyte Flandrin,genre,high,63,10000,3,-6.8604326248168945,-4.144652366638184,False,1273.0
Hippolyte Flandrin,genre,high,63,20000,7,-8.021049499511719,-4.555141448974609,False,41.0
Hippolyte Flandrin,genre,high,63,30000,15,-6.433075428009033,-4.198452472686768,False,564.0
Hippolyte Flandrin,genre,high,63,40000,24,-6.523902893066406,-3.81157898902893,False,2711.0
Hippolyte Flandrin,genre,high,63,50000,33,-7.781160354614258,-4.398655891418457,False,927.0
Hippolyte Flandrin,genre,high,63,60000,40,-6.172373294830322,-4.215574264526367,False,336.0
Hippolyte Flandrin,genre,high,63,70000,43,-7.506626129150391,-4.565796852111816,False,1258.0
Hippolyte Flandrin,genre,high,63,80000,47,-6.880917072296143,-4.1425323486328125,False,3818.0
Hippolyte Flandrin,genre,high,63,90000,53,-5.767884731292725,-3.867184400558472,False,4141.0
Hippolyte Flandrin,genre,high,63,100000,57,-6.6675872802734375,-4.006367206573486,False,3046.0
Hippolyte Flandrin,genre,high,63,109672,63,-6.183520793914795,-3.622359275817871,False,142.0
The Others,genre,high,67,0,0,-12.20437717437744,-11.214702606201172,False,
The Others,genre,high,67,10000,9,-6.958110809326172,-3.575986862182617,False,228.0
The Others,genre,high,67,20000,17,-6.313389778137207,-3.7021448612213135,False,918.0
The Others,genre,high,67,30000,23,-6.548306465148926,-3.5005719661712646,False,1129.0
The Others,genre,high,67,40000,28,-5.5110907554626465,-3.285296678543091,False,1241.0
The Others,genre,high,67,50000,36,-5.117711067199707,-3.405752182006836,False,1360.0
The Others,genre,high,67,60000,40,-5.730607032775879,-3.3942394256591797,False,398.0
The Others,genre,high,67,70000,44,-6.113279819488525,-3.4354193210601807,False,671.0
The Others,genre,high,67,80000,49,-6.09561824798584,-2.989675521850586,False,1120.0
The Others,genre,high,67,90000,58,-5.726955890655518,-3.399625062942505,False,892.0
The Others,genre,high,67,100000,61,-6.483601093292236,-3.5579214096069336,False,137.0
The Others,genre,high,67,109672,67,-5.439740180969238,-3.329827070236206,False,55.0
